1,1,9,1,0,9.00678449925957,453.064296310245,47.0190063455518,2602.33807222104,1267.91214542442,783.797578267177
1,1.1,7,0,0,9.00678449925957,430.921179849553,27.0994863973306,2210.56916682952,1075.01866174284,757.818322542415
1,1.2,6,0,0,9.00678449925957,308.541695362221,23.1453180061606,1995.35418275107,916.272637918206,739.658479972654
1,1.3,6,0,0,9.00678449925957,100.993427708022,20.6506379695229,1852.53847811192,913.157924491445,721.443265740982
1,1.4,6,0,0,9.00678449925957,101.014917578267,19.7444793120089,1811.40161806957,920.32559084756,712.161821907135
1,1.5,5,0,0,9.00678449925957,75.6368108430759,19.2432460686443,1750.26506690345,911.975774327104,699.149008114345
1,1.6,5,1,0,9.00678449925957,84.7442673147596,18.9489252690829,1740.15066388464,970.775032921632,692.821670130648
1,1.7,4,2,0,9.00678449925957,64.6958852691994,18.1495603187823,1686.00016410958,980.733213995662,680.77643634094
1,1.8,5,2,0,9.00678449925957,79.8193478740089,18.0000688134265,1668.78648919789,1006.43917385541,674.743847435221
1,1.9,4,2,0,9.00678449925957,73.436162363262,18.123749266895,1676.24631444451,1061.87232988062,671.850530621371
1,2,5,3,0,9.00678449925957,72.5852137605711,18.3951269263692,1648.02684328469,1076.97526241804,666.948272591866
2,1,10,3,0,12.9179008943736,349.734192602289,255.392926961442,2580.27362234382,1341.86997716865,1066.90892143604
2,1.1,8,2,0,12.9179008943736,324.571396091442,34.7678731875891,2033.92929089546,1204.51242280059,774.567112397981
2,1.2,7,2,0,12.9179008943736,286.055412137471,26.8407352178174,1730.51422130133,1126.86587339603,756.767459549004
2,1.3,5,0,0,12.9179008943736,229.572655484923,24.8289570100157,1580.86900859916,901.241445169059,739.077443002102
2,1.4,4,0,0,12.9179008943736,179.025473548672,22.5380139531002,1535.67406000507,901.588713799866,729.932445012775
2,1.5,4,0,0,12.9179008943736,154.762532846713,22.473698117244,1498.00106622714,905.112490557154,717.046922743101
2,1.6,4,0,0,12.9179008943736,150.769093526801,22.1156081992145,1509.55804687847,939.976287912611,710.601100107517
2,1.7,4,1,0,12.9179008943736,102.547277144567,21.3029764191523,1486.04349842771,935.847054673269,698.556927422974
2,1.8,4,1,0,12.9179008943736,97.097166766671,21.4259891890215,1493.71542410391,960.764954502086,692.56087382997
2,1.9,4,2,0,12.9179008943736,89.1489899446858,21.5247757132803,1522.50589358194,974.724366853352,689.757997837739
2,2,4,3,0,12.9179008943736,105.75142555824,21.8423276631488,1525.73661694101,1030.73178243666,684.879867183903
3,1,7,1,0,13.5749095646517,520.416397513018,56.1708578972811,2010.71335602477,1515.43991740017,807.069117862512
3,1.1,5,1,0,13.5749095646517,679.990361372275,36.151919571651,1751.40181679246,1107.3050773133,779.561877071332
3,1.2,2,0,0,13.5749095646517,438.000753290444,30.0771052251671,1613.36064518113,930.584811813767,760.685546762167
3,1.3,1,0,0,13.5749095646517,258.79104968351,25.7729752955111,1528.71232258836,912.10801532824,742.863251135389
3,1.4,2,0,0,13.5749095646517,259.271213036915,24.3139007365908,1499.97028414583,923.200448362185,733.479774722431
3,1.5,3,0,0,13.5749095646517,105.101359736139,24.8392283977905,1480.54338545066,920.345438639119,720.512616862237
3,1.6,4,0,0,13.5749095646517,103.514421934725,25.4355501795102,1495.96697313097,931.177213329523,714.09405529401
3,1.7,3,1,0,13.5749095646517,154.595194572422,23.0061769231171,1470.57108709406,927.017564328568,701.952655327973
3,1.8,4,1,0,13.5749095646517,134.844579580125,22.8275429467117,1479.08783979469,979.350070389551,695.919862977707
3,1.9,4,1,0,13.5749095646517,109.637317996777,22.8059715469286,1508.10924324991,984.355197659971,693.040536159883
3,2,4,2,0,13.5749095646517,89.0744429541192,23.0741348852154,1498.66220066504,1034.39085800464,688.151354406799
4,1,8,1,0,18.0316528157383,452.674291423356,67.7502792728525,2149.33711839088,1419.68637054503,819.964205334676
4,1.1,6,1,0,18.0316528157383,541.545936545778,41.4587541853078,1786.09591673588,1085.40340043841,789.689311768049
4,1.2,7,0,0,18.0316528157383,454.482818773966,33.5395129709594,1603.68489260702,951.167902825263,772.91209136645
4,1.3,6,0,0,18.0316528157383,313.465476226379,30.9290119138553,1481.47524495577,899.277418013589,754.750639967711
4,1.4,6,0,0,18.0316528157383,222.028728456371,29.3175038047737,1432.2477607866,894.700357945728,745.619935530861
4,1.5,5,0,0,18.0316528157383,192.569739272334,28.1986424707905,1386.40031749903,903.857192088688,732.572166561336
4,1.6,4,1,0,18.0316528157383,153.847002191728,27.8224178843128,1385.00877584494,907.289752778141,726.276346898577
4,1.7,4,1,0,18.0316528157383,122.994780166979,27.3997843121153,1364.57849945731,918.085610650063,714.367025336778
4,1.8,3,1,0,18.0316528157383,122.724599901546,27.7297596419135,1384.75352069815,937.591817502968,708.436881541425
4,1.9,4,1,0,18.0316528157383,117.082634373524,28.0405686255316,1425.07194429571,968.564364079539,705.577777264256
4,2,4,1,0,18.0316528157383,115.247547616606,27.4966953231235,1442.82293429805,972.198840891997,700.601111828456
5,1,9,4,0,14.2226705085824,305.442829991553,89.5220216110391,2853.36629808868,1306.36777274277,811.574314281296
5,1.1,8,2,0,14.2226705085824,289.922819440386,180.10398286326,2143.97280873708,1113.70290024066,819.90602673205
5,1.2,7,0,0,14.2226705085824,278.816787968829,85.713041759172,1703.75141036578,996.858128330188,756.712176711985
5,1.3,6,0,0,14.2226705085824,251.925639675145,28.3743198458145,1491.77779679984,877.588654605103,732.102423344537
5,1.4,7,0,0,14.2226705085824,185.237937799879,26.2775550665203,1386.92826231069,829.608856003518,722.452243354269
5,1.5,5,0,0,14.2226705085824,164.411443399507,25.1407002597634,1332.79954115725,843.247048214377,709.454734004086
5,1.6,5,0,0,14.2226705085824,131.765499505985,24.9440716455186,1319.73793392686,841.069795651596,703.119794229815
5,1.7,5,1,0,14.2226705085824,119.250862562502,24.2248227048079,1288.39174970857,857.750339357828,691.08306174618
5,1.8,4,1,0,14.2226705085824,107.277030050084,25.6835857012906,1298.0426182416,863.712068360699,685.066092104826
5,1.9,4,1,0,14.2226705085824,105.239096949493,24.4600178098603,1323.31255093228,898.236691198207,682.198771841902
5,2,4,1,0,14.2226705085824,94.8185560406122,23.7981153048599,1350.4055778754,895.636791468609,677.334743738316
6,1,7,3,0,14.3243319249978,449.559672603398,75.4415676510759,2076.53513387968,1550.62367891901,807.94614486215
6,1.1,6,1,0,14.3243319249978,614.995408870878,46.2930968291753,1738.30219177047,1140.10199485094,769.212557861298
6,1.2,7,0,0,14.3243319249978,510.977359742501,34.1795105239342,1565.10449269353,947.509360644848,752.200728675651
6,1.3,6,0,0,14.3243319249978,371.012242430786,31.6049078236737,1448.60017632904,885.656276910619,733.238243783967
6,1.4,6,0,0,14.3243319249978,281.371076147228,29.0533410878248,1399.25529182721,854.790137341622,723.512826862758
6,1.5,6,0,0,14.3243319249978,225.666218502184,28.3238870000108,1346.8816271452,861.609866752172,710.297701622953
6,1.6,5,1,0,14.3243319249978,202.437589277879,27.4204865713248,1341.83632881327,868.688443268019,703.779935512796
6,1.7,4,0,0,14.3243319249978,148.203927102759,25.1480972510345,1312.16551982985,859.07238012433,691.794457256785
6,1.8,4,1,0,14.3243319249978,177.724504428766,25.6540502696246,1318.54690627232,866.650142985259,685.848685569049
6,1.9,4,1,0,14.3243319249978,86.4739773022597,25.6465168160666,1351.97412379539,925.450471104438,682.891826786574
6,2,3,1,0,14.3243319249978,124.87746875078,24.7118354262857,1368.43730785469,921.107807924161,678.0077919318
7,1,8,2,0,9.55710273820655,463.134155752765,63.0775316851228,2536.00859707096,1185.51589534539,784.901472073317
7,1.1,8,0,3,9.55710273820655,424.499545879688,197.058932700457,2176.90124270794,1054.66624603858,1301.66020238453
7,1.2,7,0,0,9.55710273820655,341.842403331778,103.49103884952,1898.14452612627,965.845314377827,798.364901919917
7,1.3,7,0,0,9.55710273820655,271.17115705267,94.77743329734,1749.54028472643,963.801549471934,731.302748616664
7,1.4,6,0,0,9.55710273820655,211.594825968081,65.2301200278576,1649.24603001862,945.741886972077,722.258598629348
7,1.5,6,1,0,9.55710273820655,182.236454812816,22.9347702173991,1615.61095274036,965.308277970772,701.023322204774
7,1.6,6,0,0,9.55710273820655,80.9345092794231,19.083899223706,1605.04930894059,836.150851796725,695.060754116849
7,1.7,5,1,0,9.55710273820655,145.703974599939,19.2957490036893,1574.37033126871,930.102740123271,683.359605212453
7,1.8,5,0,0,9.55710273820655,64.1497335134934,19.6359527288164,1551.57252469628,847.164607128943,677.650570156812
7,1.9,6,0,0,9.55710273820655,56.1678403575351,20.0300347621486,1514.62808785267,840.71002451991,674.69531830437
7,2,5,2,0,9.55710273820655,167.637029174619,20.1741953116749,1489.794262751,992.928752801337,669.642714572108
8,1,10,2,0,13.18175937812,351.920999130149,214.101327059111,2605.39983434026,1248.63181039972,935.714807597318
8,1.1,9,2,0,13.18175937812,329.925391447964,124.711081564204,2068.41665600158,1107.98654638947,836.021616447789
8,1.2,7,0,0,13.18175937812,279.661206457117,38.7008783383217,1727.67470754599,1010.77224361896,757.950359508758
8,1.3,5,0,0,13.18175937812,213.126597743337,59.2877109837432,1551.61341572118,993.165934987108,747.20714794283
8,1.4,5,0,0,13.18175937812,183.482641869552,47.507527819273,1465.97267589427,1004.75091239838,732.948125720128
8,1.5,4,0,0,13.18175937812,167.387448731715,81.0207786121496,1429.21882466326,1005.78215886352,742.459683235536
8,1.6,4,0,0,13.18175937812,153.480101065092,23.9887651941447,1429.27681978666,1001.0265458504,712.688454491758
8,1.7,4,2,0,13.18175937812,139.322406892569,26.8950638224345,1413.62472539397,995.851606903939,701.489194041726
8,1.8,4,2,0,13.18175937812,130.88881163553,23.6776882333506,1417.82941632451,1017.80986178724,695.116390113441
8,1.9,5,2,0,13.18175937812,126.275539828717,23.7984090906692,1413.54345732623,992.977486175675,692.262421653306
8,2,5,2,0,13.18175937812,116.774034065091,24.3662922880006,1415.28186137899,976.322102671364,687.455563867443
9,1,7,2,0,14.2279523646649,514.366148113625,186.181018904492,2047.01935978146,1447.85322584399,920.862222934835
9,1.1,7,2,0,14.2279523646649,646.194766436156,71.5390424224138,1737.80590875862,1132.05075258381,781.602520787822
9,1.2,6,0,0,14.2279523646649,418.480176904105,174.106225290329,1573.88343332801,1026.31113982053,826.226411216379
9,1.3,5,0,0,14.2279523646649,326.691177249973,31.224837664298,1468.69619402357,1011.95943653779,745.016106193692
9,1.4,5,0,0,14.2279523646649,270.681976449498,77.5175108560687,1424.91199526745,1020.66848916122,743.79133288791
9,1.5,5,2,0,14.2279523646649,236.267333071183,27.1065890052387,1398.15800813739,1018.66418582372,723.080776726066
9,1.6,4,1,0,14.2279523646649,189.510615943697,24.0715209548366,1400.36794787673,981.904470896229,716.24574528916
9,1.7,4,2,0,14.2279523646649,182.841420218223,23.9238684244211,1392.06349305429,1014.71491680234,704.447419379528
9,1.8,4,2,0,14.2279523646649,160.282268275905,24.1465013889323,1406.45028803354,1009.26618291124,698.577586759544
9,1.9,5,3,0,14.2279523646649,170.786076903281,25.6013786727522,1408.79150608482,1025.52777521819,696.046936152249
9,2,4,2,0,14.2279523646649,130.631172675988,24.8966329308204,1425.87871222867,958.343264287711,690.832891251857
10,1,8,2,0,18.6712643034548,448.529848529937,142.578821808411,2205.93430755209,1351.78993992419,841.310349695704
10,1.1,6,1,0,18.6712643034548,520.333641277269,169.889193192703,1800.94517320334,1108.38944897985,821.289583473366
10,1.2,7,0,0,18.6712643034548,410.278974036217,145.515582709698,1558.01577873627,1004.98579010574,783.547952254433
10,1.3,6,0,0,18.6712643034548,310.955873186246,51.6425264238204,1407.38037294217,989.356221966147,759.003600985912
10,1.4,5,0,0,18.6712643034548,241.531491903569,62.901370581821,1316.73284734547,987.79831329564,757.681978643191
10,1.5,5,0,0,18.6712643034548,188.386439195031,63.1704154302623,1268.44235078211,843.91588717604,746.783345127585
10,1.6,5,0,0,18.6712643034548,138.987982181192,28.7641518786011,1254.97338598899,841.046442953475,728.731944294661
10,1.7,4,0,0,18.6712643034548,137.951591970134,33.8530021486648,1227.96179839126,844.811558432486,717.07702572724
10,1.8,4,0,0,18.6712643034548,109.717609499523,28.7200035659632,1220.24100954978,839.494161834881,711.180133738361
10,1.9,4,0,0,18.6712643034548,92.5979490623862,29.6537839882009,1207.49780468624,843.008370834672,708.700988721399
10,2,4,0,0,18.6712643034548,143.684639632165,29.7404034671931,1203.42037000148,904.115220205817,703.592655871121
11,1,9,2,0,14.5595063854383,307.535438117408,167.685459225691,2837.494237882,1219.29300801204,875.45311700107
11,1.1,7,1,0,14.5595063854383,279.37381033765,163.816293449825,2138.06591190097,1039.85294607285,892.901366417776
11,1.2,4,0,0,14.5595063854383,275.067196065257,129.553040056248,1632.53648910105,949.874375097804,762.621830100807
11,1.3,2,0,0,14.5595063854383,221.89473034817,57.2791505558553,1352.20568426754,931.171880863577,735.75571974746
11,1.4,0,0,0,14.5595063854383,177.53310745157,32.4727107911485,1210.44178268314,932.294494496578,736.831621343993
11,1.5,0,0,0,14.5595063854383,161.521324176009,44.0349162613344,1127.83745624859,927.841460814932,712.725452046104
11,1.6,0,0,0,14.5595063854383,136.568078974349,68.3755853170994,1088.92833168277,916.32196486359,731.348028930451
11,1.7,0,0,0,14.5595063854383,132.214416951189,47.9551967353433,1048.39839975347,919.324691785722,710.437287450969
11,1.8,0,0,0,14.5595063854383,120.535015582044,33.9836000383476,1030.82642130896,913.851262075676,700.775848345508
11,1.9,0,0,0,14.5595063854383,112.096095194592,63.7377009836601,1019.36602982338,909.169973107861,711.642434075168
11,2,0,0,0,14.5595063854383,105.782723079843,36.4180533783164,1014.52971216118,894.485355741049,682.390008587351
12,1,6,2,0,15.110730839822,441.051920414337,165.872315438237,2127.33395036594,1478.39084054976,951.518787995
12,1.1,6,1,0,15.110730839822,578.999534908586,136.612553490022,1758.35603311798,1128.64082304665,861.04147639653
12,1.2,6,0,0,15.110730839822,486.568099337501,153.442884595943,1516.65499792757,960.11559321662,770.456549500532
12,1.3,6,0,0,15.110730839822,340.134101248776,112.962166991711,1365.09863917252,945.334452439712,754.305211113274
12,1.4,5,0,0,15.110730839822,310.866346199989,134.276333933486,1256.22618228072,936.625105406624,788.038613149167
12,1.5,3,0,0,15.110730839822,233.154966088415,36.0477998567553,1190.09253740365,940.026315664215,725.219788263259
12,1.6,2,0,0,15.110730839822,205.229803051399,39.973640617831,1164.33664314969,939.019338636403,718.625674844383
12,1.7,1,0,0,15.110730839822,146.038884349927,34.5491360690677,1129.12467125843,809.194613314509,695.233642693851
12,1.8,0,0,0,15.110730839822,141.6351600642,25.8642508476023,1116.45236151412,903.909405065307,688.586521748947
12,1.9,0,0,0,15.110730839822,118.119552387651,25.7617974604432,1103.93028071711,796.66353874626,685.568463625607
12,2,1,0,0,15.110730839822,147.601243074445,26.1694597102894,1099.5011508222,856.96799701458,680.707284000106
13,1,7,2,0,19.597953232827,473.92878068615,177.295567667077,2218.05716667706,1245.20518620228,957.435601380561
13,1.1,6,1,0,19.597953232827,430.693907525599,190.463114366135,1798.90675410915,1109.40145166336,854.832990053236
13,1.2,3,1,1,19.597953232827,361.119967114277,171.639128404023,1524.13631117035,1022.91226890489,1012.60608080765
13,1.3,0,1,0,19.597953232827,265.393608009861,85.8736964807453,1353.84126041236,1001.31378461577,788.229311899681
13,1.4,1,0,1,19.597953232827,215.6734463041,265.050620868146,1265.0300469647,1000.13762166021,1108.37675963255
13,1.5,2,0,0,19.597953232827,183.148786123795,48.9787938672995,1199.9957702284,988.426970402806,760.799636234184
13,1.6,2,1,0,19.597953232827,160.004740360094,60.581387220083,1172.66813657147,993.965998543489,754.43594891448
13,1.7,3,0,0,19.597953232827,151.173944883603,71.0081400695262,1130.32632576829,981.651415940101,742.117352115695
13,1.8,3,2,0,19.597953232827,138.787546767023,35.3146893882309,1117.43397609673,982.608278397965,733.785753950156
13,1.9,3,1,0,19.597953232827,127.447817709836,35.7381622962078,1105.13368769431,952.340009458742,732.711346138953
13,2,3,1,0,19.597953232827,112.150356536203,43.3149777129157,1102.48707010464,919.888834387729,727.209313991656
14,1,9,1,0,23.0508809812271,353.081524355138,79.3810626684588,2378.28074301107,1299.30709372191,850.58535506669
14,1.1,6,2,0,23.0508809812271,335.042735899609,82.8023221825068,1807.34817117951,1142.12942728502,825.134701602883
14,1.2,3,1,0,23.0508809812271,287.61715087949,60.2411532743397,1474.03163717685,1041.94175573151,805.369921147581
14,1.3,0,1,0,23.0508809812271,221.256335354237,48.908381779978,1299.15836437305,1021.98125702482,787.818348123024
14,1.4,0,0,0,23.0508809812271,184.478133426324,211.163103759381,1227.65104929281,1012.88115803446,861.579719356404
14,1.5,1,0,0,23.0508809812271,166.561277698172,74.7861212777677,1169.73191969018,1011.08521485404,779.990992038603
14,1.6,1,0,0,23.0508809812271,153.633707711749,37.6149102104022,1145.00445711732,998.814372979492,771.963476946464
14,1.7,2,1,0,23.0508809812271,139.730466731346,35.9064054444084,1103.50336741401,1003.3063429208,758.866743268801
14,1.8,2,2,0,23.0508809812271,131.054366930353,40.3175417179525,1091.76127750957,1005.92271693751,752.071576452985
14,1.9,3,1,0,23.0508809812271,120.414213046584,40.5453911906023,1081.82930144572,992.737254163417,751.529387010361
14,2,2,1,0,23.0508809812271,110.134605129031,35.7536249478185,1076.46858384781,949.37410248773,745.565011073037
15,1,7,3,0,24.0763475688629,524.520028318533,71.3355279397941,1865.21085605073,1500.88514783777,854.826282055499
15,1.1,5,3,0,24.0763475688629,658.266560373747,172.553987357315,1562.06388132272,1179.90682506725,959.429981188164
15,1.2,3,2,0,24.0763475688629,425.454587648337,129.668425286128,1399.08521557596,1069.96608899054,931.201497119327
15,1.3,1,1,0,24.0763475688629,331.079989988378,145.490859870484,1285.39245347036,1049.90328421596,814.734021512318
15,1.4,0,1,0,24.0763475688629,271.033613088546,82.2783464056333,1233.91131534943,1039.13011417466,807.357562914999
15,1.5,1,2,0,24.0763475688629,239.007656349463,53.9562476926807,1178.07107557333,1049.57761725736,775.188746439092
15,1.6,2,1,0,24.0763475688629,199.672392741093,49.4773191822171,1156.87246999915,1039.21056589259,766.509408663575
15,1.7,2,2,0,24.0763475688629,176.054786139872,48.0673876244764,1114.311308306,1006.0474473976,755.037026546094
15,1.8,3,1,0,24.0763475688629,153.879604325047,42.2750380365777,1105.34244571994,987.074671083682,755.616489125657
15,1.9,3,1,0,24.0763475688629,151.460378429748,76.6105421659362,1097.56165993613,992.548636880126,773.655987045593
15,2,2,1,0,24.0763475688629,128.247097705394,47.7201365921257,1090.8053116962,961.134295338784,748.829921171326
16,1,7,2,0,28.5971685799548,459.326350377795,92.7138668070713,2124.19504260807,1416.09413816121,869.852542357117
16,1.1,6,2,0,28.5971685799548,533.307317059206,172.447251865064,1719.12146547283,1159.38551301852,872.402333976648
16,1.2,6,2,0,28.5971685799548,425.562671614295,206.105872319731,1494.2799546991,1060.19625500992,878.975756096061
16,1.3,6,1,0,28.5971685799548,323.210841642896,107.164595961291,1358.92317289548,1036.74637946316,867.061702841768
16,1.4,5,0,0,28.5971685799548,244.100189813512,59.6904346967815,1281.80043312091,1018.93673002732,797.319230586218
16,1.5,5,0,0,28.5971685799548,217.640011277886,201.86637814565,1222.34252345058,1025.5627689879,850.299491830907
16,1.6,4,1,0,28.5971685799548,201.442840607091,60.5522862039254,1197.8058246563,1022.28345422669,788.349811299635
16,1.7,4,0,0,28.5971685799548,167.449924564869,46.402252982915,1160.69610814806,1003.78212783504,775.517727800402
16,1.8,3,0,0,28.5971685799548,150.506929224529,43.4886106785606,1142.02420681841,999.513360678381,768.621774534
16,1.9,3,0,0,28.5971685799548,150.078857076627,49.4082701660021,1131.77243853364,986.201648349717,767.164738460836
16,2,3,0,0,28.5971685799548,132.343359861043,115.811910962759,1130.37696040836,951.775431199232,792.766398394728
17,1,10,2,0,24.363916417158,314.173667970628,195.106341265019,2770.1812443862,1285.16797775626,987.999412813175
17,1.1,8,1,0,24.363916417158,294.649161383999,198.605072902123,2029.31440414228,1090.82044406437,893.147042137066
17,1.2,5,0,0,24.363916417158,283.572481911952,84.0161904299231,1577.10083590243,999.286509492693,806.81507422808
17,1.3,2,0,0,24.363916417158,225.352708777044,45.1728405604045,1335.97356919486,974.468631121798,780.09802422827
17,1.4,0,0,0,24.363916417158,183.427375043908,48.7837692982418,1220.60473093787,976.733477423589,773.467463602112
17,1.5,0,0,0,24.363916417158,165.387820048041,80.1021807062856,1150.79231658462,970.370732486474,793.196435294004
17,1.6,1,0,0,24.363916417158,142.044837656727,94.1143638710545,1121.96949846965,958.860617462399,772.568690908256
17,1.7,2,0,0,24.363916417158,136.409002242713,39.5766783197912,1081.99697610455,958.732714765427,753.778771540131
17,1.8,2,0,0,24.363916417158,114.729731802053,33.6839464289989,1064.15460354508,918.419018206483,746.783434653369
17,1.9,3,0,0,24.363916417158,116.496428019787,35.4646303789143,1052.26707509035,941.955376796938,745.78559401668
17,2,3,0,0,24.363916417158,105.799254204321,36.9229141941229,1046.72510511139,912.698641828275,739.43256553905
18,1,7,2,2,24.9097837800473,454.483180177821,220.326702529167,2063.02628000492,1547.32425484981,1356.3778773061
18,1.1,6,2,0,24.9097837800473,619.438826431347,161.592300888613,1705.48257405448,1177.2689065948,940.528179622531
18,1.2,5,1,0,24.9097837800473,525.193742936676,59.4575381737487,1482.9210281448,1027.43433335935,802.585461318826
18,1.3,6,1,0,24.9097837800473,356.110781489729,145.546747091067,1343.66064429876,1005.83626943161,866.954181844094
18,1.4,4,0,0,24.9097837800473,272.292617225687,90.937223475756,1258.61966651027,997.027921478988,799.863058918483
18,1.5,4,0,0,24.9097837800473,247.470195055433,183.428785407392,1191.18781437892,998.862729809144,909.866863082919
18,1.6,4,0,3,24.9097837800473,195.133562545513,165.32782849028,1160.61467620688,983.38489098338,1267.57864896129
18,1.7,4,0,0,24.9097837800473,174.355747917811,76.0806672390973,1117.57361614114,971.834494332387,764.975121514953
18,1.8,3,0,0,24.9097837800473,155.752727155566,69.6616463382258,1098.22795792496,967.367554085578,751.915462522024
18,1.9,3,0,0,24.9097837800473,139.205997223979,107.549526312018,1085.99346001089,948.154292024489,772.701625635778
18,2,3,0,0,24.9097837800473,135.672744869975,47.0379282908371,1082.25854991223,924.537068421561,740.566109786092
19,1,7,0,0,17.1011992728173,253.691016241064,72.1652244270115,2154.13574363187,954.19306911925,839.039685084904
19,1.1,5,0,0,17.1011992728173,227.293671813653,65.8155729242654,1840.42903345549,966.680347125827,805.394091332588
19,1.2,3,0,0,17.1011992728173,138.979958959116,176.005850057768,1745.95553577334,941.239574002988,819.010615980819
19,1.3,1,0,0,17.1011992728173,107.072746532139,180.383438711864,1708.5330954215,939.164046769596,798.026713787737
19,1.4,2,0,0,17.1011992728173,88.2554197584107,48.8411629671569,1710.25439734193,930.655571500409,764.94546072436
19,1.5,4,0,0,17.1011992728173,103.201713490806,46.7968214330912,1714.61406122341,941.336835547211,752.086291489635
19,1.6,4,0,0,17.1011992728173,73.2087229528605,42.2672444436784,1714.47855012507,952.491770066855,749.075722819466
19,1.7,5,0,0,17.1011992728173,64.0319830435801,40.4065542982749,1675.14154149681,943.415422809464,738.173381076912
19,1.8,5,0,0,17.1011992728173,69.9795064035893,40.0415172072452,1642.73552459535,938.001359422001,731.569368327893
19,1.9,5,0,0,17.1011992728173,76.8307577193387,41.0593111647993,1623.34477782345,943.426127557383,730.105600467008
19,2,4,0,0,17.1011992728173,82.145459769656,40.1975187760528,1563.37018685897,927.57948958851,724.924102248852
20,1,7,1,0,21.1771476152314,392.831861087162,66.7089848713443,2230.85345950403,1233.78112566044,838.565216976787
20,1.1,4,1,0,21.1771476152314,375.840991360861,75.0427226697182,1719.8638528039,1073.8874552686,827.988175625728
20,1.2,2,0,0,21.1771476152314,308.740643919183,77.8922428320033,1591.49820307876,948.392039336469,809.741058226641
20,1.3,0,0,0,21.1771476152314,231.246237783959,61.8068657877922,1560.37060355796,942.066897996809,790.313578927178
20,1.4,1,0,0,21.1771476152314,184.337480860446,62.3685769805705,1569.93628723138,936.267921789502,783.392583761481
20,1.5,3,0,0,21.1771476152314,160.663862001594,50.1292020589008,1594.66598397428,948.131046893783,774.719017186733
20,1.6,3,0,0,21.1771476152314,147.614543147007,49.6543137592832,1618.95372327408,953.957022658064,766.741878175552
20,1.7,4,1,0,21.1771476152314,110.694978953079,47.625975675864,1602.04094714287,948.855423988964,755.929531096864
20,1.8,4,0,0,21.1771476152314,102.159699413645,47.1079457390504,1594.82145426703,945.023208040474,749.18541497002
20,1.9,4,0,0,21.1771476152314,110.533717005391,46.7763850656227,1594.28605420826,953.729286708033,749.041120437058
20,2,4,0,0,21.1771476152314,115.351804519031,45.9207868390314,1553.66392861532,940.935988756351,743.892900181238
21,1,5,1,0,21.4291368669994,520.528274454366,71.6569037547393,1681.31646310796,1327.04506493901,858.921452120796
21,1.1,2,1,0,21.4291368669994,701.985796514686,57.2451542459757,1519.38211030164,1123.30453698957,828.451810011486
21,1.2,0,0,0,21.4291368669994,468.938589197796,54.5645547808917,1468.20702362865,949.131990657184,810.54633082471
21,1.3,0,0,0,21.4291368669994,327.713773371495,52.3684366289999,1450.25970150028,919.371533505696,793.629082742684
21,1.4,1,0,0,21.4291368669994,284.148035088105,51.4214280954224,1455.5037915209,937.304002807064,786.727763439285
21,1.5,2,0,0,21.4291368669994,207.903028746779,48.2648750121232,1465.78654447268,934.039627470043,773.904313208119
21,1.6,2,0,0,21.4291368669994,107.240790170226,46.6060094948823,1469.01980646244,945.411427013969,769.265757872367
21,1.7,2,0,0,21.4291368669994,95.0548253773662,45.2782049890985,1443.16350881491,934.827617612118,758.039814275667
21,1.8,3,0,0,21.4291368669994,145.435557991264,43.8917893041494,1428.10748355921,939.9066096928,752.224103671397
21,1.9,3,0,0,21.4291368669994,93.8907792133747,44.3737253300761,1423.78221525176,937.185391394159,751.632915775901
21,2,3,0,0,21.4291368669994,95.2049561548432,43.9042476677365,1388.29005327066,932.459719372276,746.123910725831
22,1,8,1,0,25.9989048930034,463.7054438705,71.0363450135925,2033.40778264496,1136.83976847375,872.189062758651
22,1.1,8,1,0,25.9989048930034,565.166589068378,82.0901193008092,1777.67928511316,1118.56719396726,843.976853818251
22,1.2,7,0,0,25.9989048930034,475.26252032731,59.2673877601461,1701.8211825084,986.82199968581,824.045390035082
22,1.3,5,0,0,25.9989048930034,284.463896310186,56.8751819686214,1663.40002351446,966.280238966261,805.738765558916
22,1.4,4,0,0,25.9989048930034,232.019746841702,52.9527683144597,1656.06210361812,973.822343592997,801.351507638446
22,1.5,5,0,0,25.9989048930034,206.937120439696,53.5754688187737,1658.400390585,975.891479938653,787.77280059502
22,1.6,5,0,0,25.9989048930034,148.438797391422,51.2978118995852,1658.06044540916,980.748983228906,783.306324003538
22,1.7,5,0,0,25.9989048930034,132.822432535146,49.1624873110185,1623.48856022198,974.651112760069,771.8383364128
22,1.8,5,0,0,25.9989048930034,132.727211058422,48.4124457027888,1600.35913139151,972.551232953139,765.615724480954
22,1.9,5,0,0,25.9989048930034,136.776147048337,48.828296539611,1590.05280120863,977.542616208138,764.921391266147
22,2,4,0,0,25.9989048930034,135.524289979202,48.7140690346047,1543.4730461008,964.95080818963,759.043264547781
23,1,10,2,1,22.377553221019,356.334157205421,229.708101915394,2757.4300751276,1341.96669949533,997.84948767286
23,1.1,10,1,0,22.377553221019,345.168043738478,92.8188640352188,2029.15900821891,1114.9995790313,822.129142636108
23,1.2,8,0,0,22.377553221019,324.272485375581,63.4530367551904,1757.56271140907,985.64421405944,802.776865599223
23,1.3,8,0,0,22.377553221019,263.893513890216,56.1485299796897,1684.4350905991,974.182769929859,782.900065732501
23,1.4,7,0,0,22.377553221019,196.313432835624,85.8873105565019,1684.85613896599,981.614998747464,780.009075718698
23,1.5,8,0,0,22.377553221019,166.56596994348,74.4137251265817,1710.07115185504,988.684824242619,766.008154000565
23,1.6,8,0,0,22.377553221019,143.220568366051,153.234909000929,1731.64784251037,1001.81234899545,800.495522657715
23,1.7,7,0,0,22.377553221019,118.664337605908,172.934334476922,1709.17476445666,996.101226564268,778.577377392986
23,1.8,6,1,0,22.377553221019,112.59771458362,46.2608460788724,1716.53046587707,1013.78267961541,743.39584396521
23,1.9,7,2,0,22.377553221019,105.046394032146,46.5490047375398,1726.68774543083,1018.07099542912,742.679941451369
23,2,6,1,0,22.377553221019,99.0306354633884,46.3281884406592,1692.14886092338,1002.09367786614,736.782828470905
24,1,8,1,0,22.0385905295666,473.307809359866,69.3142549476045,1946.16479860671,1578.76690735028,848.174585413145
24,1.1,8,1,0,22.0385905295666,658.950376229678,56.2173727418534,1721.42001714439,1220.60660093708,818.504243425237
24,1.2,7,0,0,22.0385905295666,566.807578371565,51.4610043929204,1649.82171880272,991.367755413825,800.281496744998
24,1.3,6,0,0,22.0385905295666,368.869189605547,49.9652096124091,1615.28798346039,966.659392747211,782.547474895262
24,1.4,5,0,0,22.0385905295666,265.970206325858,48.5583408131821,1613.33145703734,967.719814583559,776.443553330102
24,1.5,6,0,0,22.0385905295666,196.089720540537,46.6453800022873,1620.60443218681,972.039933325531,765.480086230608
24,1.6,5,0,0,22.0385905295666,177.921695978762,43.1801087201042,1620.5923908515,975.143708904398,760.803455153812
24,1.7,5,1,0,22.0385905295666,106.142617853673,43.8284564808992,1590.74255047938,970.17081156183,748.655242110204
24,1.8,4,0,0,22.0385905295666,142.414966862028,43.194773690537,1575.72978283885,970.826241580663,742.356049326892
24,1.9,4,0,0,22.0385905295666,139.049962031487,42.8210454312927,1570.4438875206,978.112879272377,742.839210736243
24,2,4,0,0,22.0385905295666,109.709268245635,43.0935935520058,1529.78557670037,957.201720453083,736.894420555139
25,1,8,0,0,9.00654235925139,119.624228879716,27.0424558710977,2674.75515428357,936.852703284092,778.348272060045
25,1.1,7,0,0,9.00654235925139,83.0937273091404,19.8810604189146,2306.75385701187,909.059011359761,754.971116889838
25,1.2,7,0,0,9.00654235925139,66.8073955726987,19.4769139047799,2059.31931888361,914.692896515829,738.562611948512
25,1.3,6,0,0,9.00654235925139,59.4414690748987,18.8724855902803,1859.09216224916,914.458903805502,722.325089467588
25,1.4,6,1,0,9.00654235925139,59.1362342448615,20.8812275519946,1761.00947539972,927.544872369254,714.443451547998
25,1.5,5,1,0,9.00654235925139,55.2818291582738,23.3310315032362,1653.60615472296,927.990356950493,702.522789736792
25,1.6,5,2,0,9.00654235925139,58.3503650083602,24.8847245502402,1614.07235173601,940.142086392577,696.814567226294
25,1.7,4,1,0,9.00654235925139,56.6088673200381,83.7271238169259,1547.06637764197,941.039052809023,693.550625541492
25,1.8,5,2,0,9.00654235925139,59.4304039085605,35.517062033632,1537.5876204657,953.909451860588,684.086976486751
25,1.9,4,1,0,9.00654235925139,64.8630166390381,39.073393501013,1569.04231832345,982.928008630622,679.644148285801
25,2,4,2,0,9.00654235925139,69.2871899697448,33.1976862853602,1561.92742534886,1025.23508354539,674.564558141
26,1,8,0,0,12.9176025912093,123.788537956857,31.7659842771537,2425.05479258772,942.133088771964,798.687784453783
26,1.1,8,0,0,12.9176025912093,90.1533345317763,24.3262358434047,2017.38672043387,920.314527012093,774.596775319847
26,1.2,6,0,0,12.9176025912093,73.244422746286,23.146100878483,1746.89997648684,916.28668349421,757.26666553868
26,1.3,6,0,0,12.9176025912093,65.5555314650869,23.6530133012758,1560.29815954269,907.074851989237,741.152472244506
26,1.4,4,1,0,12.9176025912093,66.2885158765449,63.5230170674269,1469.84132126654,918.403201879431,744.479499546396
26,1.5,4,1,0,12.9176025912093,62.0066831192192,53.8280178093741,1386.24238848292,916.729746146804,731.487242138877
26,1.6,4,1,0,12.9176025912093,63.701881264352,86.17524476514,1355.47959490222,926.10352997174,727.351241950705
26,1.7,4,1,0,12.9176025912093,64.8186809477504,64.2288279021988,1303.91676174664,926.201234956319,711.147817061358
26,1.8,4,1,0,12.9176025912093,64.9468960037968,73.6054104150592,1287.2728951153,925.175606106229,725.769433567913
26,1.9,3,1,0,12.9176025912093,70.6904516599113,57.5510826470173,1311.75227733396,952.729004178622,703.744534214069
26,2,3,1,0,12.9176025912093,84.8039157195723,55.0943512054313,1305.1582352681,1008.02795493799,697.555443557244
27,1,7,0,0,13.5745943486984,112.387106959093,28.0488763188124,2402.53922667195,928.612559588145,798.36918652689
27,1.1,5,0,0,13.5745943486984,79.7912161441281,48.2647400830969,1979.12126935552,909.088098192896,780.870086169179
27,1.2,4,0,0,13.5745943486984,63.9023035814093,24.1174550679883,1727.01638768147,903.597543983971,760.89654463056
27,1.3,2,0,0,13.5745943486984,57.6959187330365,30.9327548302602,1552.34333533554,903.600064559651,747.080607621548
27,1.4,3,0,0,13.5745943486984,54.4755794916918,33.9748736004553,1481.80079526778,913.53888158977,738.275576845225
27,1.5,4,0,0,13.5745943486984,55.1509612705987,35.8120448894128,1427.37228499773,916.687992444134,727.365469067259
27,1.6,4,1,0,13.5745943486984,58.2600363330012,27.3555809207896,1412.01273813353,945.544926773001,716.910733018642
27,1.7,4,1,0,13.5745943486984,57.5510840981038,29.5412390683679,1392.61143194927,953.645373668575,703.123086730743
27,1.8,3,1,0,13.5745943486984,61.7579166334248,30.3089871080333,1397.45703397289,971.431418048639,698.913712533477
27,1.9,4,2,0,13.5745943486984,64.0705039359922,33.0818456265952,1423.9197431277,1006.808490797,695.497011172679
27,2,4,2,0,13.5745943486984,72.9710076397838,35.5091094118164,1433.74672174618,1053.78866459471,696.311382703133
28,1,8,0,0,18.031117152754,125.634121143434,31.8912811193401,2316.53325254815,927.767929055741,813.679447700245
28,1.1,7,0,0,18.031117152754,89.0084138097691,28.3732622537157,1919.57332057041,904.029274658963,790.391698403118
28,1.2,7,0,0,18.031117152754,71.223452858864,27.6453767938734,1688.53502598648,902.35673665487,774.389808223845
28,1.3,5,0,0,18.031117152754,60.2663725739615,27.3586805906,1524.34725580847,893.213184979563,756.449540946872
28,1.4,4,0,0,18.031117152754,60.3940134982268,28.5149524167456,1448.02145577901,903.531891200979,748.268455924522
28,1.5,4,1,0,18.031117152754,57.9949320235614,30.7763266557762,1378.57508870166,906.460671310224,733.331106602869
28,1.6,4,1,0,18.031117152754,59.5155610624203,34.5477920297354,1357.45942936305,913.448690323185,732.794847513067
28,1.7,4,0,0,18.031117152754,58.1406727450142,34.4673074897811,1309.01373734415,916.072485552097,722.647277874051
28,1.8,4,1,0,18.031117152754,58.8228500004302,33.8488218313849,1308.23951446469,922.067030506612,713.080355464649
28,1.9,4,2,0,18.031117152754,63.7469366769009,37.184829566702,1336.29145789139,960.066947736776,708.095873192147
28,2,4,1,0,18.031117152754,68.5390193365738,38.6401079736768,1336.04711747063,974.972672220369,703.422273298547
29,1,8,0,0,14.2190731787454,118.312928435286,31.7204049192681,2221.58014723188,880.668638006941,790.454275003154
29,1.1,7,0,0,14.2190731787454,80.6847023641051,27.3407097744623,1860.94655276042,854.827706497829,767.344845705976
29,1.2,7,0,0,14.2190731787454,63.6393146412953,70.1534752350245,1647.2959966478,853.033069987471,765.773675192009
29,1.3,6,0,0,14.2190731787454,53.0308160837926,25.7421014633112,1493.17976410759,843.154262233695,735.356376215159
29,1.4,5,0,0,14.2190731787454,55.2125591772781,37.2709424715301,1389.70000531998,850.430114710348,727.669339714848
29,1.5,5,0,0,14.2190731787454,52.4839756013276,71.726857299132,1320.08264199472,854.618276993898,725.515364082074
29,1.6,5,0,0,14.2190731787454,51.7251637937233,52.2798442212347,1299.69809470528,856.54239541189,716.69997933631
29,1.7,5,0,0,14.2190731787454,50.7684971991631,96.2982681432121,1256.46312021285,856.991937312272,719.810521358186
29,1.8,4,1,0,14.2190731787454,53.4406193631044,137.950672954125,1246.58171217108,869.570988641744,749.161185332856
29,1.9,5,1,0,14.2190731787454,54.879829866285,47.4478658597408,1244.38351842949,880.215778984596,695.664348510079
29,2,4,1,0,14.2190731787454,62.4654142121037,48.8546900570315,1263.75543051989,905.038467024046,689.653956933613
30,1,8,0,0,14.3210675742001,119.804150640966,32.5027936142315,2234.28184613448,899.329333847665,787.562786342442
30,1.1,7,0,0,14.3210675742001,83.2264348847257,39.0411866437207,1875.68191400074,877.156121985971,768.83363398665
30,1.2,6,0,0,14.3210675742001,66.5689256285348,84.1519911265441,1666.38022660438,881.110878023766,759.267853054289
30,1.3,5,0,0,14.3210675742001,56.2551158300153,35.0395626036611,1519.17155904793,877.502134427148,736.263113468956
30,1.4,5,0,0,14.3210675742001,56.677742736455,30.3397672816812,1445.93830472093,892.446311621733,727.03876018111
30,1.5,5,0,0,14.3210675742001,54.3439907885482,34.1147794569712,1384.24850761453,900.162754304466,715.485970662984
30,1.6,5,0,0,14.3210675742001,57.2482776108823,40.5326661811025,1372.21904669497,911.913716759853,711.270165121879
30,1.7,5,1,0,14.3210675742001,55.5675441150307,33.9563391476231,1338.21246166644,922.006388541355,699.471788096893
30,1.8,5,1,0,14.3210675742001,58.2310441198946,35.9450213648965,1359.39247024526,931.987126297833,689.525235775362
30,1.9,4,2,0,14.3210675742001,63.1978614277673,37.6125413404851,1394.29411376028,985.56005537089,686.809849671229
30,2,5,2,0,14.3210675742001,67.7868780757885,39.783110974937,1409.52546855248,1009.85517642542,682.457400414669
31,1,9,0,0,9.55686061597169,135.028272753462,26.9202070946472,1989.27157501794,997.271763797829,773.760013016517
31,1.1,8,0,0,9.55686061597169,122.966869626871,52.8419067263399,2029.76271194009,971.30010400316,767.551453559213
31,1.2,8,0,0,9.55686061597169,116.094707701082,43.5635267669943,2030.94462431601,995.337602883146,748.897684169662
31,1.3,7,0,0,9.55686061597169,55.1078281659507,38.9937976850769,1972.40338156141,870.695532100938,730.491143175112
31,1.4,7,2,0,9.55686061597169,103.045886520317,38.072707967067,1845.44316767017,1041.93352809329,722.756378189702
31,1.5,6,3,0,9.55686061597169,97.4398924897,119.624672003177,1737.56528334402,1116.29343376834,737.235246652716
31,1.6,6,1,0,9.55686061597169,50.8333573067112,42.7772523299305,1662.42352457434,897.272334943307,702.85184098417
31,1.7,6,3,0,9.55686061597169,104.310874099484,34.3006590036727,1575.42047126962,1133.23477152663,690.850168633474
31,1.8,5,1,0,9.55686061597169,58.3832832161028,46.6774862304871,1530.52731092728,923.40781056301,687.817562417559
31,1.9,5,2,0,9.55686061597169,90.974377883886,40.3381542310794,1519.11951181724,1044.59339938106,683.938949004984
31,2,5,3,0,9.55686061597169,102.183407872317,35.1423292082246,1526.45432996096,1345.37759171204,677.828682228771
32,1,9,0,0,13.1813879439567,137.784720886597,32.6426628341646,2089.37954983346,1018.29871535551,792.186650826594
32,1.1,8,0,0,13.1813879439567,124.696531223596,49.9710770240244,2063.98577544967,980.792929515968,785.998026620939
32,1.2,9,2,0,13.1813879439567,120.335341539105,66.2852705360202,1960.792368599,1018.15378529716,768.398019239284
32,1.3,8,1,0,13.1813879439567,109.228170663094,44.0603358224402,1785.51171079082,1010.13793994219,749.48401887581
32,1.4,6,2,0,13.1813879439567,108.134676259136,35.528028485541,1609.67771024739,1045.85982587862,740.88439764653
32,1.5,5,3,0,13.1813879439567,101.47050526867,32.8300122309402,1474.30849952142,1084.64644830383,727.830239432702
32,1.6,4,2,0,13.1813879439567,92.5045574059996,137.015399322063,1402.09753046224,1027.0245848753,755.192022633915
32,1.7,3,2,0,13.1813879439567,102.692446743233,28.8104864942746,1323.79265299415,1089.3046686985,708.355744067062
32,1.8,3,3,0,13.1813879439567,113.658274308248,35.9216479922072,1284.96112855207,1177.1257490006,703.138295260002
32,1.9,4,4,0,13.1813879439567,121.029441267665,35.2534231873748,1278.1559513555,1257.1616309048,701.589065204231
32,2,3,3,0,13.1813879439567,96.6246982638482,36.0013232727293,1273.68458727785,1157.10764859547,695.230412002265
33,1,9,0,0,14.2276377301076,141.312205990217,32.6323348273092,2270.38449287998,1054.0250741415,792.875024066786
33,1.1,9,0,0,14.2276377301076,129.895066052306,53.3189697959286,2265.50175763503,1032.83374618845,788.604622552674
33,1.2,8,2,0,14.2276377301076,123.264210920311,45.9979493124925,2093.55299044568,1072.67425587242,770.191339159181
33,1.3,8,1,0,14.2276377301076,67.1777615382247,40.6559669828897,1853.21206700601,925.173929578989,751.864421760814
33,1.4,7,3,0,14.2276377301076,109.97620000898,70.0369525247516,1649.82269059815,1135.49948485671,749.379923360338
33,1.5,5,4,0,14.2276377301076,106.639203728137,51.3285186269181,1510.32763008794,1199.41517311054,728.248820437308
33,1.6,5,2,0,14.2276377301076,76.7128874014799,40.795504634628,1455.29696257748,986.031108300794,720.691366987874
33,1.7,4,4,0,14.2276377301076,120.963404069448,42.0309222997412,1388.41892433244,1387.65049990591,713.029832244483
33,1.8,4,2,0,14.2276377301076,78.1502177373645,42.6136115759867,1369.31730798278,1032.34963900222,707.170852094943
33,1.9,3,4,0,14.2276377301076,117.656140765497,54.7572059646697,1392.46938646215,1436.11136189477,704.873505605613
33,2,4,4,0,14.2276377301076,106.816582577303,43.8316333744634,1402.03355939442,1354.031097629,700.858579467759
34,1,7,0,0,18.6707295727835,147.23154237374,38.6271618868307,1763.50753492571,1028.75195050727,804.501816808872
34,1.1,7,0,0,18.6707295727835,134.068916600104,53.0321180303602,1668.55999405974,993.820624188306,802.46406946559
34,1.2,7,1,0,18.6707295727835,125.846180014716,53.2082874610438,1578.4924111468,1026.26156885771,782.261610090191
34,1.3,6,0,0,18.6707295727835,57.1736461757218,45.2247219894823,1486.65732588683,863.488898593085,765.279668362488
34,1.4,5,2,0,18.6707295727835,111.132097699246,44.5580011790227,1400.39613686444,1066.98515363762,758.366223169366
34,1.5,5,3,0,18.6707295727835,110.25555517083,36.435266965824,1337.1872370862,1205.5920063996,744.652879941969
34,1.6,5,0,0,18.6707295727835,52.0915445487157,63.9723525061125,1315.24592250491,884.406429002066,738.900589289641
34,1.7,4,3,0,18.6707295727835,111.078156549825,75.2456983352134,1279.39768286488,1196.27696707999,727.049562389484
34,1.8,4,0,0,18.6707295727835,53.5576557435168,43.3790143488064,1263.63722711805,894.487861685401,718.763398277429
34,1.9,5,2,0,18.6707295727835,57.3577446105796,55.031925332622,1278.35849463307,916.789614957972,723.64603147478
34,2,4,1,0,18.6707295727835,60.4580945400549,45.0430590214066,1287.47813484053,935.33351752293,712.215055408373
35,1,1,0,0,14.5560307099546,136.756708649229,96.9488223530493,1519.7460218486,970.219968532791,837.869128892354
35,1.1,0,0,0,14.5560307099546,122.984329150776,43.4606678856968,1374.61323479536,934.389949902804,779.326008142918
35,1.2,0,0,0,14.5560307099546,114.455060254616,37.7880390746651,1271.59306655016,948.049010054812,762.886564098951
35,1.3,0,0,0,14.5560307099546,104.56496678021,30.3342816066956,1193.86274565131,942.889948342613,742.840857116563
35,1.4,0,3,0,14.5560307099546,115.289985129328,28.3474768343154,1144.37185627384,1030.86848967299,735.06995424543
35,1.5,0,2,0,14.5560307099546,96.8174532181361,31.9442834336444,1115.13078451666,980.70866259215,722.018035795661
35,1.6,0,2,0,14.5560307099546,98.2907370892213,33.6853746363946,1112.97832708756,949.275161083328,714.514819104787
35,1.7,1,2,0,14.5560307099546,82.3957321319985,35.6067355896608,1096.05775247485,1016.97482094902,702.43044852794
35,1.8,2,3,0,14.5560307099546,79.8931060251163,31.6347946742209,1105.71284442569,1069.60626101855,694.945429766458
35,1.9,2,2,0,14.5560307099546,106.211999103743,32.8881367262467,1111.23171638563,1047.37993953508,693.45284751623
35,2,3,3,0,14.5560307099546,94.2999085718162,40.0008656480113,1136.31189375928,1121.52566945503,688.71101323168
36,1,3,0,0,15.1072828832653,138.349257335637,86.0641560714072,1621.98887719665,990.496436437038,829.608062449413
36,1.1,1,0,0,15.1072828832653,128.137672068849,69.7051487273785,1514.72953004153,968.85402882087,779.887689279692
36,1.2,1,2,0,15.1072828832653,120.367454568586,35.8294816521407,1434.46108096329,1002.62438216108,762.050949560016
36,1.3,3,0,0,15.1072828832653,51.9752393088904,137.855966499759,1366.6277672088,841.403057275999,780.702713120579
36,1.4,3,2,0,15.1072828832653,119.144285710831,44.60479128528,1313.02503682923,1057.53342889726,735.463848941061
36,1.5,4,2,0,15.1072828832653,114.590990307799,78.9228834461954,1281.74372987667,1061.11365954631,726.44786576389
36,1.6,5,2,0,15.1072828832653,114.914237240939,39.9270567322675,1286.74817956024,1065.68409790745,714.897628344234
36,1.7,5,3,0,15.1072828832653,120.455713611606,34.4658136511808,1263.20380223123,1133.54186951842,701.616228725044
36,1.8,4,2,0,15.1072828832653,117.189303078964,35.6638868265629,1278.43279701543,1141.64238471909,695.676071145013
36,1.9,5,2,0,15.1072828832653,55.9862010137401,37.2350724102875,1302.23376271801,931.013610582824,694.270989007815
36,2,4,2,0,15.1072828832653,104.603251405118,48.9859314066846,1332.98916469906,1151.92251045345,689.407620975156
37,1,11,0,0,19.5977455243087,100.170728579485,54.3368484924787,2560.48104774054,1078.40395546949,882.857402348892
37,1.1,10,1,0,19.5977455243087,95.195960436625,40.4816910940769,2441.02558147553,1035.98319287834,813.121690741417
37,1.2,9,2,0,19.5977455243087,92.1177147246573,34.339818825073,2075.40128088985,1050.85787946892,797.013223603291
37,1.3,2,2,0,19.5977455243087,88.3192843343348,34.0724842144639,1635.8613811303,1058.9707532333,779.668251210356
37,1.4,1,2,0,19.5977455243087,90.6169195939068,42.3810134986283,1394.96794230638,1094.01861730183,772.228730734635
37,1.5,1,3,0,19.5977455243087,94.248373412759,35.7481799467976,1275.82758389266,1147.42035717106,759.009085625981
37,1.6,2,3,0,19.5977455243087,86.1561971500869,37.0631378013567,1250.99975858597,1108.5253419069,752.109537109736
37,1.7,3,3,0,19.5977455243087,94.3667615463664,38.5315632293785,1215.13821839888,1153.66733999888,739.202657924478
37,1.8,3,3,0,19.5977455243087,109.152835609636,39.3087299232364,1217.06863742976,1212.78565300581,733.007388573622
37,1.9,4,3,0,19.5977455243087,101.910738575355,43.0514979821315,1238.70683263401,1219.60928198215,731.923631737613
37,2,3,3,0,19.5977455243087,99.1349734780125,43.8640411381842,1255.25162122519,1248.33112602268,725.835998060617
38,1,11,0,0,23.0506631861711,101.688927457117,56.2004087095538,2516.21330287776,1089.55166156432,902.114591695638
38,1.1,9,0,0,23.0506631861711,96.0655490114208,40.1318481831593,2348.10156762925,1042.42240464083,834.160601596763
38,1.2,8,1,0,23.0506631861711,92.8532643152894,34.1559508387178,1971.84520011696,1053.49536176512,816.627383142403
38,1.3,1,2,0,23.0506631861711,89.8488681381566,33.7254224930091,1537.89749115915,1063.7096063341,798.72590790744
38,1.4,0,2,0,23.0506631861711,91.4832904272165,33.697311987905,1310.3307183076,1090.91487832139,791.249285253624
38,1.5,1,3,0,23.0506631861711,95.2763481256135,37.8275370056194,1208.9319584094,1131.81316563321,777.222895573154
38,1.6,2,3,0,23.0506631861711,87.841115934783,106.024034622228,1187.13067331363,1093.06095754622,782.015269719257
38,1.7,3,3,0,23.0506631861711,109.160029326467,36.8941384365022,1148.04785990539,1222.94979442065,757.948597606608
38,1.8,3,3,0,23.0506631861711,91.9285515085317,40.3939164347048,1140.99690013885,1141.66608961791,751.692408886445
38,1.9,4,3,0,23.0506631861711,108.983922643265,43.1384459195964,1152.23666532841,1108.04070952396,750.22399492978
38,2,3,3,0,23.0506631861711,97.0587969549191,40.8659228627781,1152.52657746676,1185.46806207956,744.263422179096
39,1,11,0,0,24.0764210692827,105.545412848692,60.0712530284144,2727.00290572091,1132.37914819428,903.518672887087
39,1.1,10,2,0,24.0764210692827,101.152422942352,42.8841554387705,2524.60689768302,1096.65525759714,836.425811072256
39,1.2,8,2,0,24.0764210692827,98.3000443300544,38.5865201262638,2053.80452356297,1118.10517622594,818.779454784285
39,1.3,0,3,0,24.0764210692827,97.1757348259886,53.2414818566691,1555.55429561015,1142.5673198612,803.647509101196
39,1.4,2,3,0,24.0764210692827,97.7609333766162,45.2662899425959,1330.20560976633,1179.62299208999,795.534728734848
39,1.5,2,3,0,24.0764210692827,100.912371697955,46.792889894566,1247.93543419605,1234.65082793057,780.470557942606
39,1.6,3,3,0,24.0764210692827,99.1282344560913,42.6037814059607,1238.0412472336,1219.60268670307,774.123661290015
39,1.7,4,4,0,24.0764210692827,104.922030560212,44.0224160903724,1211.3757355719,1360.3057348411,760.947630553904
39,1.8,4,4,0,24.0764210692827,103.929915008043,49.5528990020263,1214.35607374743,1297.31287793232,755.178030676201
39,1.9,4,3,0,24.0764210692827,114.337244972335,62.0723951625362,1246.37172475227,1325.7133484346,753.053980832343
39,2,4,4,0,24.0764210692827,112.042989829767,65.4797148934024,1259.14096265766,1373.92388500933,748.885995723633
40,1,11,0,0,28.5965815367575,109.995047232249,61.4538149095964,2582.22301668261,1113.37435747488,918.451161053477
40,1.1,10,2,0,28.5965815367575,105.084621449796,46.3413605605428,2410.34789802853,1067.23343070198,849.811958746866
40,1.2,11,2,0,28.5965815367575,102.503607490918,42.2252756346907,2025.24021049055,1081.63015430486,832.181450564634
40,1.3,6,2,0,28.5965815367575,99.3742170368165,42.5219235907792,1572.52219543686,1092.51200145809,814.400837890106
40,1.4,5,2,0,28.5965815367575,102.481487021712,43.8249397927829,1347.92983768949,1130.65738826233,806.986461242544
40,1.5,5,3,0,28.5965815367575,104.427514277098,48.0160691072368,1263.00971570255,1193.11961207772,794.00313818285
40,1.6,5,2,0,28.5965815367575,99.6208924793703,46.9869479003914,1249.264078565,1130.13274213159,786.957778389934
40,1.7,5,3,0,28.5965815367575,105.986810589874,56.7442958752381,1217.81468507084,1171.80801181717,775.203544657838
40,1.8,4,3,0,28.5965815367575,119.280763792823,73.8180414693167,1216.44978386069,1310.56661456752,768.50601830629
40,1.9,4,1,0,28.5965815367575,95.9714148847314,63.5392487180169,1237.20565699222,958.055606770575,767.381211719522
40,2,4,3,0,28.5965815367575,135.852964250301,58.2848628219671,1243.83670333553,1252.95174845908,761.591166734159
41,1,10,0,0,24.3636920447086,101.738436296897,55.6290723793661,2254.02949087341,1053.71438625411,895.983482437783
41,1.1,9,0,0,24.3636920447086,95.9776797009965,38.761042273694,2071.14772527008,1000.58523125098,828.548519828359
41,1.2,7,0,0,24.3636920447086,92.2143642027592,33.6057138703402,1768.24001892319,1002.72199546919,810.687899618817
41,1.3,2,1,0,24.3636920447086,87.4664779775366,32.6066144711013,1425.83739303979,1001.10200763113,792.404594662781
41,1.4,0,2,0,24.3636920447086,90.049165269953,33.0063320046061,1236.59968694564,1027.85743224875,783.989471824101
41,1.5,1,2,0,24.3636920447086,92.736013316169,35.367800529848,1165.20652769917,1070.14850885012,769.992580323477
41,1.6,2,3,0,24.3636920447086,98.7476246363706,35.2142961383959,1154.80324303226,1086.24141960994,762.995881685005
41,1.7,2,2,0,24.3636920447086,92.4120291170083,37.9799330241344,1127.40230473469,1110.46062227556,750.119700327544
41,1.8,3,3,0,24.3636920447086,97.0018090313201,37.1955309182427,1130.48102556293,1139.35602789162,743.015487428332
41,1.9,3,2,0,24.3636920447086,89.6692875942304,39.2609983160801,1136.55301690186,1067.32237967102,742.071218439385
41,2,3,3,0,24.3636920447086,105.675082858025,38.148762170361,1149.08453968719,1165.14320663516,736.130256340574
42,1,10,0,0,24.9083047331008,106.782275349698,56.3581459223741,2479.34144119441,1091.29632556198,896.93750822618
42,1.1,10,1,0,24.9083047331008,101.38314628017,41.4779586152683,2290.97820941995,1046.23064689128,828.002628788509
42,1.2,10,2,0,24.9083047331008,98.9139593062903,37.1947832773357,1925.31758284592,1062.82333466459,809.964461904869
42,1.3,6,2,0,24.9083047331008,96.2987617385836,118.28249248921,1507.55805397479,1081.51223622952,807.283992483474
42,1.4,5,2,0,24.9083047331008,99.6526910211992,79.3674968906455,1311.26077797227,1127.8379062966,775.065582640427
42,1.5,5,3,0,24.9083047331008,100.249405695707,41.8258951052271,1250.31228373614,1203.30644802117,771.169653298123
42,1.6,5,3,0,24.9083047331008,115.415024848102,45.2171987108256,1253.3089277173,1168.52344275997,764.165993590254
42,1.7,5,4,0,24.9083047331008,101.683989399238,50.7291137942562,1231.83025692218,1303.19169040392,751.165861518308
42,1.8,4,3,0,24.9083047331008,117.382528495286,52.9034250839562,1246.96950404601,1324.1880742748,744.952939722218
42,1.9,5,3,0,24.9083047331008,114.401363354593,63.7701955599248,1276.17270792301,1235.63789518342,744.814041913111
42,2,4,3,0,24.9083047331008,133.508981169866,105.485875637337,1303.97071232972,1309.1303102432,745.384868605222
43,1,0,0,0,17.1010779629463,99.2142262486855,62.3549253943674,1571.31527340038,1012.69034595391,828.812265910909
43,1.1,0,0,0,17.1010779629463,95.2496925758231,53.8693273726392,1499.95682781844,951.340665992325,804.246551370843
43,1.2,0,0,0,17.1010779629463,93.4778160146435,49.9884054601323,1443.41691533968,924.83447160592,782.586166259793
43,1.3,1,0,0,17.1010779629463,86.9237251613238,110.945497352501,1399.68020251894,914.766017734095,835.96687100786
43,1.4,3,0,0,17.1010779629463,83.7220894458686,83.8964680692068,1385.5019566033,915.416836292239,773.124330888892
43,1.5,3,0,0,17.1010779629463,77.6745288693676,59.2993804085923,1366.48352640513,912.038582042375,747.562296395408
43,1.6,4,0,0,17.1010779629463,77.6788615633811,51.9709553519364,1371.23121357483,925.726649271792,735.372834154709
43,1.7,5,0,0,17.1010779629463,74.4150801653824,42.6682761809721,1361.76886999222,925.627425463101,720.717029987003
43,1.8,4,0,0,17.1010779629463,71.109322825162,61.9950233244632,1365.25122492473,931.846527030472,727.513543047847
43,1.9,5,1,0,17.1010779629463,78.478227092376,66.6710631286253,1396.25269116898,960.209853802837,732.400470832035
43,2,4,1,0,17.1010779629463,81.5517515861202,103.046844209941,1402.66049273692,966.115090170233,777.077246157824
44,1,0,0,0,21.1772661970219,100.334817171148,67.2191665660088,1486.31479048847,1014.79527884906,850.292907413625
44,1.1,0,0,0,21.1772661970219,96.5249071956741,89.815680756547,1411.51645192562,953.648441064719,830.281631411433
44,1.2,0,0,0,21.1772661970219,96.7331490743274,50.2395333402943,1351.90745318483,925.919582203737,799.601476035432
44,1.3,0,0,0,21.1772661970219,89.8880252422777,42.7205148185611,1305.58396339984,913.835593046479,779.428217556736
44,1.4,1,0,0,21.1772661970219,86.4422166867587,40.3046853753955,1285.14535193456,908.977815757487,772.337866654755
44,1.5,2,0,0,21.1772661970219,83.1287107878472,43.5892666728475,1259.20130834765,900.247652173737,758.983177378483
44,1.6,3,0,0,21.1772661970219,79.176445524224,141.629674261924,1257.92849330786,911.694675379872,778.897999817902
44,1.7,4,0,0,21.1772661970219,79.2823620436748,85.9925594201274,1239.36605426474,906.226667805331,744.204466298694
44,1.8,4,0,0,21.1772661970219,74.0246352236871,165.348589178129,1235.33724389184,908.329249869293,801.434005097245
44,1.9,4,1,0,21.1772661970219,76.9991973106803,163.518662365742,1262.43217302588,934.858353116243,864.851740096806
44,2,4,1,0,21.1772661970219,80.4526134855851,205.648740737147,1263.68325584852,937.517018501361,786.421436457674
45,1,0,0,0,21.4289342782062,104.951532682108,62.8846313167871,1412.81978517354,1034.05207958358,849.309176221487
45,1.1,0,0,0,21.4289342782062,99.4919199655621,57.7654335493572,1350.91943718266,972.393057852272,827.728348737371
45,1.2,0,0,0,21.4289342782062,99.5065100461038,61.2986146990287,1308.03032909577,945.253608973366,815.825367600608
45,1.3,0,0,0,21.4289342782062,91.6598853022819,63.6403195452452,1274.30906462753,929.646273858534,791.52499435644
45,1.4,0,0,0,21.4289342782062,87.2307886861021,63.7017852470198,1271.85835514235,929.59811436346,793.815506581537
45,1.5,1,0,0,21.4289342782062,83.9384529336093,79.1289796656673,1272.10167965685,928.48627168038,785.278216931822
45,1.6,3,0,0,21.4289342782062,78.291572737216,65.0873577792347,1290.11383846562,941.26772338651,774.871136952972
45,1.7,3,0,0,21.4289342782062,78.933594297103,78.1652496971579,1291.87969667885,946.617022208537,766.522009342198
45,1.8,4,1,0,21.4289342782062,73.8868172209707,53.0537674346985,1319.79924762784,958.478708562021,742.093002495955
45,1.9,4,1,0,21.4289342782062,71.8347502619792,48.2654907789479,1340.12066347966,972.454420660844,733.657154622883
45,2,5,1,0,21.4289342782062,78.4875303764499,106.000587963995,1367.58894323396,992.189135000366,781.314032655964
46,1,2,0,0,25.9980511043463,109.530177640297,66.3806600068594,1553.01671330942,1055.58873278116,858.204999622841
46,1.1,4,0,0,25.9980511043463,106.346602268177,68.875906016631,1495.81160244512,992.538051609924,839.266032975182
46,1.2,5,0,0,25.9980511043463,104.158742392954,81.7719923388266,1439.50774908388,966.846020683661,821.916953759515
46,1.3,5,0,0,25.9980511043463,97.9647523005684,61.7123037382489,1392.41615757235,956.165930483732,808.057536564797
46,1.4,4,0,0,25.9980511043463,95.1941761257482,76.1402654582973,1367.49315252475,953.915086056264,809.331274464444
46,1.5,4,0,0,25.9980511043463,88.892133779421,137.101678253631,1341.46578298395,947.828328081525,818.908554642079
46,1.6,4,0,0,25.9980511043463,87.9583460834498,71.020893457932,1336.93064993053,962.52163898689,787.591802721122
46,1.7,4,0,0,25.9980511043463,85.2809826671893,102.013096970587,1318.50873415961,958.532170605057,810.747410601782
46,1.8,4,0,0,25.9980511043463,85.7671357533638,86.5030377026479,1315.37407948333,961.784826809638,779.595463828045
46,1.9,4,1,0,25.9980511043463,87.3448269774463,129.733802280071,1340.4490256286,985.407328688319,849.802102088279
46,2,4,1,0,25.9980511043463,88.2825226629834,107.762726911919,1346.53296998175,996.173427806896,785.808039982466
47,1,6,0,0,22.3773066958332,106.75813906781,61.5879371073513,1559.77833377499,1021.29815755258,840.096897771615
47,1.1,5,0,0,22.3773066958332,104.515943655243,62.726131835619,1490.48892559742,959.381096154301,814.9589634083
47,1.2,4,0,0,22.3773066958332,102.558875088057,63.848220802998,1422.18059538799,938.023988120589,798.83065582513
47,1.3,4,0,0,22.3773066958332,96.8379455957868,99.819123192133,1365.98312227635,925.544444784661,797.461672574836
47,1.4,5,0,0,22.3773066958332,92.6304360824558,141.470726502111,1340.73827248925,924.28045576488,796.843077657674
47,1.5,5,0,0,22.3773066958332,88.0572637687766,187.212137589346,1305.42527690801,919.307693985953,856.457274371638
47,1.6,4,0,0,22.3773066958332,87.0515108837968,77.0426718914302,1302.63439151522,930.85003462323,755.696040985733
47,1.7,4,1,2,22.3773066958332,86.2366591573182,234.84991900488,1266.58982203262,926.50586765716,1132.28782438377
47,1.8,3,1,0,22.3773066958332,78.9524089815474,228.691780187063,1272.47392777893,927.673725162301,854.058748820013
47,1.9,4,1,0,22.3773066958332,89.5791418287275,137.141404188569,1305.47927693245,960.794679023297,788.048807612664
47,2,3,1,2,22.3773066958332,88.3623145438144,142.261796221646,1303.73999732459,952.153700212768,1233.87746712988
48,1,3,0,0,22.0383408994756,110.396933777709,59.4285624244429,1523.27784587441,1050.11926351939,836.068168628927
48,1.1,5,0,0,22.0383408994756,106.234324289557,61.1732371140524,1476.60078838987,990.112914868483,819.51597778213
48,1.2,4,0,0,22.0383408994756,103.283053301926,89.0300455343462,1427.85969739233,967.553763926091,804.609834719087
48,1.3,4,0,0,22.0383408994756,97.6273619261351,94.9062381391231,1387.99460740749,960.592198308854,836.438380358253
48,1.4,4,0,0,22.0383408994756,95.1005471828145,53.7262903093022,1370.5437902366,963.602224273931,780.053656251821
48,1.5,5,0,0,22.0383408994756,87.4613304320171,88.1183449995092,1352.91139842167,959.210397299983,783.851843175539
48,1.6,5,1,0,22.0383408994756,87.2943797930884,90.4839307213354,1358.26492232404,979.276867334333,804.374002048234
48,1.7,4,1,2,22.0383408994756,84.9095625640957,214.830999899311,1345.97003232238,976.287867513803,1142.97582549056
48,1.8,4,1,1,22.0383408994756,80.4009061707081,282.546549594394,1355.31441194941,986.481006532878,967.081999870757
48,1.9,4,1,0,22.0383408994756,84.3927503275723,113.756140331427,1389.47073441813,1009.94005283731,753.720856367797
48,2,4,2,2,22.0383408994756,89.2217043963504,212.721789529997,1408.18656214436,1027.18801313734,1142.06646464673
