0,0,1,0,18.5984763935231,41
0,0,1,0,18.4756574278788,42
0,0,1,0,19.3651871874809,45
0,0,1,0,17.4566600215401,45
0,0,1,0,18.3359431024012,44
0,0,1,0,16.9089566037854,45
0,0,1,0,18.3575475745821,44
0,0,1,0,17.3720135227894,44
0,0,1,0,16.6676090888924,45
0,0,1,0,18.6118466376701,45
0,0,1,0,17.0851066666415,45
0,0,1,0,15.9408477573108,44
0,0,1,0,17.0606955847066,44
0,0,1,0,18.0330253472132,43
0,0,1,0,18.0981207113553,45
0,0,1,0,17.370327870745,44
0,0,1,0,17.8074846143625,46
0,0,1,0,17.4751252518107,45
0,0,1,0,14.9313810521297,46
0,0,1,0,13.6893113632707,44
0,0,1,0,14.9896891639537,45
0,0,1,0,17.1292155136416,45
0,0,1,0,13.4713041925786,47
0,0,1,0,16.2107477702395,45
0,0,1,0,15.5946992642064,41
0,0,1,0,15.3793774983882,41
0,0,1,0,17.2594124407478,45
0,0,1,0,20.4615176399472,45
0,0,1,0,16.3384332711312,47
0,0,1,0,16.961259336796,46
0,0,1,0,17.1077628423267,46
0,0,1,0,15.9629379127453,45
0,0,1,0,16.7622934846919,41
0,0,1,0,16.9735162252921,46
0,0,1,0,15.8824562241829,46
0,0,1,0,16.3604227218308,46
0,0,1,0,17.8236087424135,45
0,0,1,0,17.5681529463138,46
0,0,1,0,16.8207369962366,46
0,0,1,0,18.165383850875,45
0,0,1,0,17.1663243846416,46
0,0,1,0,16.058177349773,47
0,0,1,0,17.3006614755695,46
0,0,1,0,17.2293999009283,47
0,0,1,0,18.0097098615377,46
0,0,1,0,18.5717626841263,47
0,0,1,0,17.7273364218068,46
0,0,1,0,16.3563624294637,46
0,0,1,0,17.2594521786346,45
0,0,1,0,16.9158764671491,44
0,0,1,0,16.0647457035509,45
0,0,1,0,16.2286613429437,46
0,0,1,0,16.1370814466206,47
0,0,1,0,15.9498435493869,46
0,0,1,0,15.3019405853505,41
0,0,1,0,17.9069641151632,46
0,0,1,0,16.7150654873325,44
0,0,1,0,15.9107630874812,44
0,0,1,0,15.4144325633441,46
0,0,1,0,16.7622422911488,44
0,0,1,0,17.7425723392721,45
0,0,1,0,15.0002855973061,44
0,0,1,0,18.7186737392392,46
0,0,1,0,17.4324020880098,46
0,0,1,0,17.3563437183082,44
0,0,1,0,16.9191100455737,45
0,0,1,0,17.1299494387181,44
0,0,1,0,17.0336061323239,45
0,0,1,0,16.5485203469305,45
0,0,1,0,18.5246604467169,44
0,0,1,0,15.306040437621,45
0,0,1,0,17.1722192227737,44
0,0,1,0,18.2635249594516,45
0,0,1,0,16.9224552528661,46
0,0,1,0,17.1889670543683,45
0,0,1,0,16.2703347972291,43
0,0,1,0,14.1072811460738,44
0,0,1,0,16.6890185856112,45
0,0,1,0,15.6207290286023,43
0,0,1,0,14.6297596833146,45
0,0,1,0,14.5050603240974,44
0,0,1,0,16.7267744238807,40
0,0,1,0,17.068844187108,45
0,0,1,0,15.3345238051948,44
0,0,1,0,17.8526965651363,45
0,0,1,0,16.8157079843245,45
0,0,1,0,17.7167030047788,46
0,0,1,0,19.115272597825,45
0,0,1,0,16.1262958415946,45
0,0,1,0,16.8158212224301,45
0,0,1,0,16.2428423468387,44
0,0,1,0,17.9263565632486,45
0,0,1,0,15.9553380464704,45
0,0,1,0,14.6096661263587,45
0,0,1,0,17.1801012529383,45
0,0,1,0,15.7623496689358,45
0,0,1,0,14.0692111084174,45
0,0,1,0,16.3180042230179,44
0,0,1,0,15.5589366638912,45
0,0,1,0,14.9455013973483,45
0,0.1,0,4,16.8160267359719,46
0,0.1,1,0,13.5556243069774,46
0,0.1,1,0,9.94797880140463,44
0,0.1,1,0,13.4006575306582,46
0,0.1,1,0,12.2785362588358,47
0,0.1,1,0,12.4485193550711,45
0,0.1,0,1,12.8361569502411,45
0,0.1,1,0,13.9562512477837,46
0,0.1,1,0,12.7202641458372,46
0,0.1,1,0,10.7124504987093,45
0,0.1,1,0,12.2386535200102,46
0,0.1,1,0,9.81709019429624,46
0,0.1,1,0,11.1359345426485,46
0,0.1,1,0,13.6798257649382,46
0,0.1,1,0,12.1619318321424,45
0,0.1,0,2,15.6811308019671,45
0,0.1,0,2,13.3123398703328,45
0,0.1,0,8,21.746384820327,44
0,0.1,0,5,22.7877243117455,47
0,0.1,1,0,9.79804347099955,46
0,0.1,1,0,9.56656264040808,46
0,0.1,1,0,9.55526148416599,45
0,0.1,0,2,11.0186662179844,46
0,0.1,1,0,10.937963709379,45
0,0.1,1,0,28.2457421802938,46
0,0.1,1,0,9.57453770082125,46
0,0.1,1,0,10.2356159058892,46
0,0.1,0,7,22.9277036600413,44
0,0.1,1,0,9.56656261932573,46
0,0.1,1,0,10.7808277221138,46
0,0.1,1,0,9.66174412353262,46
0,0.1,1,0,18.3064529513584,47
0,0.1,1,0,46.8599076981033,45
0,0.1,1,0,15.7501822707332,47
0,0.1,1,0,11.4661485802608,46
0,0.1,0,8,20.367532847675,45
0,0.1,1,0,12.030756886584,47
0,0.1,1,0,9.59305116366038,45
0,0.1,1,0,13.6096146957014,46
0,0.1,1,0,12.6376377115582,46
0,0.1,1,0,11.8483238473315,45
0,0.1,1,0,11.2829582921336,46
0,0.1,1,0,9.76953176364331,47
0,0.1,1,0,10.6254196819506,47
0,0.1,1,0,11.0200741210867,46
0,0.1,1,0,9.71874974255401,46
0,0.1,0,3,16.0282709898424,46
0,0.1,0,4,13.5880040485088,46
0,0.1,1,0,9.91282335609013,46
0,0.1,1,0,10.8651366250289,46
0,0.1,1,0,13.0151605474496,46
0,0.1,1,0,11.0637603054525,43
0,0.1,1,0,13.3220799675759,46
0,0.1,1,0,13.2601441270799,41
0,0.1,1,0,9.56656260708142,45
0,0.1,1,0,10.131971358515,45
0,0.1,1,0,12.3248537457166,46
0,0.1,1,0,10.6474885905731,46
0,0.1,1,0,9.9737186377048,45
0,0.1,0,1,12.7252948483034,45
0,0.1,1,0,9.56656263911884,46
0,0.1,1,0,9.56671292727594,45
0,0.1,1,0,12.0940364882372,46
0,0.1,1,0,12.1819263580142,45
0,0.1,1,0,10.8529486352302,46
0,0.1,1,0,16.4766432634755,46
0,0.1,1,0,9.56095118649871,46
0,0.1,0,4,14.5033552088256,46
0,0.1,1,0,9.56524378828811,46
0,0.1,0,1,16.8714648838355,47
0,0.1,1,0,10.4760459496564,46
0,0.1,1,0,10.5881059200423,45
0,0.1,0,8,33.1453031042984,46
0,0.1,0,3,12.5356913986369,46
0,0.1,1,0,9.64212236513666,45
0,0.1,1,0,14.0774731253735,45
0,0.1,0,6,17.380079763016,46
0,0.1,1,0,12.025882998188,44
0,0.1,1,0,9.56656261422905,46
0,0.1,1,0,13.5264747442465,45
0,0.1,1,0,11.6011918149323,45
0,0.1,1,0,11.7525761264062,46
0,0.1,1,0,11.7032103439074,44
0,0.1,1,0,9.59717835383522,46
0,0.1,1,0,11.413888690112,45
0,0.1,0,6,19.9518756746362,46
0,0.1,0,3,13.9582142351235,45
0,0.1,1,0,15.6557595125197,44
0,0.1,1,0,10.6873141083633,46
0,0.1,0,1,13.2114672560722,46
0,0.1,1,0,32.7454462779922,46
0,0.1,1,0,12.7276077117393,46
0,0.1,0,7,27.6920211502281,45
0,0.1,0,1,12.5008034720992,46
0,0.1,0,2,13.2985883958405,45
0,0.1,1,0,10.517901523073,45
0,0.1,1,0,9.58675513585786,44
0,0.1,1,0,10.3435882539562,45
0,0.1,1,0,9.84704870326512,45
0,0.1,0,7,19.9565043057661,45
0,0.01,1,0,12.8925448768363,44
0,0.01,1,0,14.6160557403992,45
0,0.01,1,0,76.5290589269932,45
0,0.01,1,0,12.5865943709342,45
0,0.01,0,6,33.2204461571193,45
0,0.01,0,2,11.7608720995038,45
0,0.01,1,0,11.2973241873848,44
0,0.01,1,0,10.7275587366401,45
0,0.01,1,0,13.146316123357,45
0,0.01,1,0,10.4830426451452,45
0,0.01,0,3,21.3554960882065,45
0,0.01,1,0,14.2336838758822,44
0,0.01,0,4,12.2180416137601,44
0,0.01,1,0,16.8860278575374,45
0,0.01,1,0,11.7119605158364,44
0,0.01,1,0,11.6858686207529,43
0,0.01,1,0,10.5379114935621,45
0,0.01,1,0,10.9587693516736,45
0,0.01,1,0,11.3978862534867,45
0,0.01,1,0,11.8752971819663,45
0,0.01,1,0,10.4467984321191,43
0,0.01,1,0,11.0139160695115,44
0,0.01,1,0,11.8747063331463,45
0,0.01,1,0,11.1917432359193,44
0,0.01,1,0,12.8848239192257,43
0,0.01,1,0,15.61835953719,44
0,0.01,1,0,12.2127120328825,43
0,0.01,1,0,11.4628139257712,44
0,0.01,1,0,10.9495341900382,45
0,0.01,1,0,11.64198617473,44
0,0.01,0,3,14.1080408215376,44
0,0.01,1,0,14.2429314976202,44
0,0.01,1,0,10.2957273303168,44
0,0.01,1,0,24.7930737201932,43
0,0.01,1,0,9.56991652695094,44
0,0.01,1,0,12.746533657643,44
0,0.01,1,0,12.7627021279427,43
0,0.01,1,0,10.2521719348812,43
0,0.01,1,0,11.4176564591232,44
0,0.01,1,0,11.9971578348887,44
0,0.01,1,0,16.6399488453697,44
0,0.01,1,0,10.8533759408431,43
0,0.01,1,0,16.0451391452804,43
0,0.01,0,1,118.538962029553,44
0,0.01,1,0,88.7126247582947,43
0,0.01,1,0,14.2446868931038,42
0,0.01,1,0,17.3437092770664,44
0,0.01,1,0,10.6577081054383,43
0,0.01,1,0,10.8328631191202,42
0,0.01,0,3,15.5780996261782,43
0,0.01,1,0,10.6768429993228,43
0,0.01,1,0,17.1766423523207,43
0,0.01,1,0,9.99083701355507,44
0,0.01,1,0,10.3256861604848,43
0,0.01,1,0,11.3745488302417,44
0,0.01,1,0,10.3575697791694,44
0,0.01,1,0,14.0287163393161,43
0,0.01,1,0,10.6526126033923,44
0,0.01,0,3,19.0518266775042,43
0,0.01,1,0,12.0410810430808,44
0,0.01,1,0,15.4953348135895,43
0,0.01,1,0,9.80743671936017,43
0,0.01,1,0,10.5749538044432,43
0,0.01,0,1,13.3064923033483,44
0,0.01,1,0,12.3215053589591,44
0,0.01,0,4,16.5742565433621,43
0,0.01,1,0,11.1009619847318,44
0,0.01,0,4,16.3665823665495,43
0,0.01,1,0,11.1115936637991,43
0,0.01,0,1,16.3963399919884,43
0,0.01,0,7,32.5873371527592,43
0,0.01,1,0,10.6937779910112,43
0,0.01,0,2,13.0898528119888,43
0,0.01,1,0,11.2602505397706,44
0,0.01,1,0,13.9545494428085,43
0,0.01,1,0,10.4712170417579,44
0,0.01,0,6,41.1228977450256,43
0,0.01,1,0,11.0927596357729,42
0,0.01,1,0,9.959494205323,42
0,0.01,1,0,10.3828238469595,42
0,0.01,1,0,49.6789370611711,44
0,0.01,1,0,10.9493336299945,42
0,0.01,1,0,13.6545419367587,42
0,0.01,1,0,11.6617933298603,42
0,0.01,1,0,13.3952186362535,40
0,0.01,1,0,11.3358624059741,43
0,0.01,1,0,11.1985838060686,43
0,0.01,1,0,12.6445845068853,43
0,0.01,1,0,10.7892602986192,43
0,0.01,1,0,12.5819192124745,41
0,0.01,1,0,13.0709021251933,41
0,0.01,1,0,12.9149082565319,42
0,0.01,1,0,12.5191344860555,41
0,0.01,1,0,10.3118771342184,42
0,0.01,0,2,14.7270001014201,42
0,0.01,0,2,14.2542127216341,42
0,0.01,1,0,10.1554419680475,42
0,0.01,1,0,10.9202765030175,42
0,0.01,0,1,12.9919747750332,42
0,0.01,0,2,143.765761634401,42
0,0.001,1,0,31.322715205373,41
0,0.001,1,0,11.4542175318764,41
0,0.001,1,0,11.7865009358164,42
0,0.001,1,0,14.9807206621121,41
0,0.001,1,0,13.4800929181628,42
0,0.001,1,0,12.2111182437546,41
0,0.001,1,0,15.5478742350643,41
0,0.001,1,0,12.2233743887294,42
0,0.001,1,0,12.3552845113982,42
0,0.001,1,0,15.6704350374965,42
0,0.001,1,0,60.6190051834671,42
0,0.001,1,0,11.1897547094498,42
0,0.001,1,0,11.625426249103,41
0,0.001,0,3,66.7171192085265,42
0,0.001,1,0,77.5439505438705,41
0,0.001,1,0,10.0476807166666,41
0,0.001,0,3,71.7270778481548,42
0,0.001,1,0,13.1206761377998,40
0,0.001,1,0,46.0433519148496,41
0,0.001,1,0,14.0953396727859,40
0,0.001,1,0,10.2739811996407,41
0,0.001,1,0,20.3457248225408,41
0,0.001,1,0,72.5480673090493,42
0,0.001,0,1,14.0902542159654,41
0,0.001,1,0,10.8492773028703,41
0,0.001,1,0,14.8340518533726,42
0,0.001,1,0,10.2366247882457,40
0,0.001,1,0,11.4194417651049,41
0,0.001,1,0,143.424524212289,40
0,0.001,0,1,50.7631179071788,41
0,0.001,1,0,12.9125151921638,41
0,0.001,1,0,21.9194646019003,41
0,0.001,1,0,14.0525232713063,39
0,0.001,1,0,55.2722193546094,41
0,0.001,1,0,15.2356134043412,40
0,0.001,1,0,11.7221369732477,40
0,0.001,1,0,159.364129780557,40
0,0.001,1,0,14.3158244920106,40
0,0.001,0,1,20.9591093439228,40
0,0.001,1,0,10.9271494223656,40
0,0.001,1,0,12.3672214593719,40
0,0.001,1,0,10.3389674617504,41
0,0.001,0,6,57.5711302174732,40
0,0.001,1,0,13.1814803218894,40
0,0.001,1,0,12.0762629399639,40
0,0.001,1,0,10.9723343541575,40
0,0.001,1,0,14.4984179438549,40
0,0.001,1,0,12.1570085563388,39
0,0.001,1,0,11.2277588813412,41
0,0.001,1,0,11.5981729462793,40
0,0.001,1,0,11.7013391467427,39
0,0.001,1,0,12.5178270971034,40
0,0.001,1,0,10.552206491565,40
0,0.001,1,0,13.2123177581119,41
0,0.001,1,0,10.9998291943729,40
0,0.001,1,0,10.7073238622321,40
0,0.001,1,0,83.3496108123028,39
0,0.001,1,0,10.1052793518419,40
0,0.001,1,0,10.1541024665207,39
0,0.001,1,0,10.4964936500168,39
0,0.001,1,0,11.5730306320643,38
0,0.001,1,0,10.3542481298305,39
0,0.001,1,0,130.910877497691,40
0,0.001,1,0,14.4580623187139,39
0,0.001,1,0,12.0118914225979,39
0,0.001,1,0,15.2735011061017,40
0,0.001,1,0,12.4489431704533,40
0,0.001,1,0,11.4343330709843,39
0,0.001,1,0,11.3352561348653,38
0,0.001,1,0,72.7662568942679,39
0,0.001,1,0,11.0429316793907,40
0,0.001,1,0,13.3292380982505,39
0,0.001,1,0,10.4651148380167,39
0,0.001,0,1,32.138479977975,39
0,0.001,1,0,13.2241294592314,39
0,0.001,1,0,11.3669291192412,39
0,0.001,1,0,11.1103338803647,39
0,0.001,1,0,12.7503584364834,38
0,0.001,1,0,10.3467533862181,38
0,0.001,1,0,13.175553441454,38
0,0.001,1,0,13.0059372307281,37
0,0.001,1,0,11.5669109715245,39
0,0.001,1,0,11.0881350877328,38
0,0.001,1,0,9.90669366650566,38
0,0.001,1,0,12.5156469245738,40
0,0.001,1,0,10.2037235875498,39
0,0.001,1,0,12.2495679184531,38
0,0.001,1,0,10.9854602235437,37
0,0.001,1,0,11.4387643111278,36
0,0.001,0,2,98.6682342083091,38
0,0.001,1,0,10.2451716351174,39
0,0.001,1,0,11.8724660540766,40
0,0.001,1,0,10.5169701815494,40
0,0.001,1,0,9.93161358877911,38
0,0.001,0,2,86.0325578752665,40
0,0.001,1,0,77.2812992142608,39
0,0.001,0,2,32.1511487573078,38
0,0.001,1,0,13.3323066280985,38
0,0.001,1,0,11.2342254225826,39
0,0.001,1,0,10.8614348536477,38
0,0.0001,1,0,12.5584645921435,39
0,0.0001,1,0,10.7471923459242,37
0,0.0001,1,0,10.0052307973563,38
0,0.0001,1,0,10.3171299509917,37
0,0.0001,1,0,10.1163142732238,37
0,0.0001,1,0,9.65000200326076,39
0,0.0001,1,0,10.490541992252,38
0,0.0001,1,0,10.9932888996097,36
0,0.0001,1,0,12.6457614319317,38
0,0.0001,1,0,13.1514913822354,38
0,0.0001,1,0,12.3289702824871,36
0,0.0001,1,0,10.011326592822,37
0,0.0001,1,0,73.4408141433928,37
0,0.0001,1,0,9.95909995828604,40
0,0.0001,1,0,13.182276110141,37
0,0.0001,1,0,10.3530241871207,37
0,0.0001,1,0,9.88274051764615,37
0,0.0001,1,0,10.4530475160689,37
0,0.0001,1,0,11.5734626656714,39
0,0.0001,1,0,11.8244397425242,39
0,0.0001,1,0,20.0806140260441,37
0,0.0001,1,0,9.65118428662695,35
0,0.0001,1,0,9.73068989920625,37
0,0.0001,1,0,10.3623009514702,35
0,0.0001,1,0,10.092329623109,37
0,0.0001,1,0,10.2538523733116,37
0,0.0001,1,0,12.5396418249186,37
0,0.0001,1,0,11.3918217670819,39
0,0.0001,1,0,12.4262235851882,37
0,0.0001,1,0,11.8563601655438,38
0,0.0001,1,0,11.7617972172151,39
0,0.0001,1,0,14.4515156386053,38
0,0.0001,1,0,11.1082408204073,39
0,0.0001,1,0,22.8138764007405,39
0,0.0001,1,0,11.2679382114949,37
0,0.0001,1,0,13.2650260345323,39
0,0.0001,1,0,12.3781840619207,38
0,0.0001,1,0,11.2726789074914,38
0,0.0001,1,0,13.3498132043266,38
0,0.0001,1,0,11.1089636440567,39
0,0.0001,1,0,12.0719809832627,38
0,0.0001,1,0,11.9565414113678,38
0,0.0001,1,0,12.1223913882506,38
0,0.0001,1,0,11.4991533607718,38
0,0.0001,1,0,12.3134331495042,38
0,0.0001,1,0,11.6189544660309,37
0,0.0001,0,2,93.2748565885226,38
0,0.0001,1,0,10.9457026808044,37
0,0.0001,1,0,13.8136123518128,37
0,0.0001,1,0,11.6226125433731,39
0,0.0001,1,0,10.289882381154,37
0,0.0001,1,0,11.8003178534222,38
0,0.0001,1,0,10.9170489072681,39
0,0.0001,1,0,11.9481719013322,37
0,0.0001,1,0,11.9488663878717,38
0,0.0001,1,0,10.9706038901422,37
0,0.0001,1,0,11.2093476182492,37
0,0.0001,1,0,12.5733577382959,38
0,0.0001,1,0,11.3188312935268,38
0,0.0001,1,0,11.9563316786456,37
0,0.0001,1,0,11.0566450772701,38
0,0.0001,1,0,10.4841772014409,37
0,0.0001,1,0,11.170142917677,37
0,0.0001,1,0,11.0573188317722,36
0,0.0001,1,0,11.5275052863198,36
0,0.0001,1,0,12.8519738135885,36
0,0.0001,1,0,12.0283462706892,37
0,0.0001,1,0,10.2545054565651,38
0,0.0001,1,0,11.3790642518368,36
0,0.0001,1,0,11.0881115812036,39
0,0.0001,1,0,13.1261828694313,37
0,0.0001,1,0,11.5345964647253,37
0,0.0001,1,0,11.4582472947403,36
0,0.0001,1,0,12.081904375475,37
0,0.0001,1,0,10.4609292985737,37
0,0.0001,1,0,13.4719102300724,38
0,0.0001,1,0,12.3569097740656,36
0,0.0001,1,0,11.6714676796113,36
0,0.0001,1,0,10.5098011897119,36
0,0.0001,1,0,12.1201191226778,36
0,0.0001,1,0,11.524265324841,39
0,0.0001,0,1,33.3379494576894,36
0,0.0001,1,0,185.66588861476,37
0,0.0001,1,0,13.2762424585529,35
0,0.0001,1,0,16.1422945784816,37
0,0.0001,1,0,10.9974980396061,38
0,0.0001,1,0,10.742923489295,37
0,0.0001,1,0,12.1573489621433,38
0,0.0001,1,0,10.5508489893664,36
0,0.0001,1,0,10.2720787933538,37
0,0.0001,1,0,12.6379174080458,36
0,0.0001,1,0,11.2432817293357,36
0,0.0001,1,0,10.717638476413,36
0,0.0001,1,0,11.7606962912337,37
0,0.0001,1,0,10.7873230655469,37
0,0.0001,1,0,12.1094097365269,37
0,0.0001,1,0,92.2828730334483,36
0,0.0001,1,0,11.2171484011982,35
0,0.0001,1,0,11.4769841886448,35
0,0.0001,1,0,10.9329571593071,36
0,1e-05,1,0,13.2116417525022,38
0,1e-05,1,0,10.0723283200936,34
0,1e-05,1,0,95.1095970661269,35
0,1e-05,1,0,10.3204363460163,33
0,1e-05,1,0,10.0068781869783,33
0,1e-05,1,0,9.66583732380243,33
0,1e-05,1,0,11.0504449024771,36
0,1e-05,1,0,9.66107264357797,35
0,1e-05,1,0,10.9985439728825,34
0,1e-05,1,0,11.4101549711119,36
0,1e-05,1,0,10.0979384752865,35
0,1e-05,1,0,9.6265707202208,31
0,1e-05,1,0,9.60694568482305,29
0,1e-05,1,0,52.1044863271133,35
0,1e-05,1,0,9.56656228772312,24
0,1e-05,1,0,17.7407403653106,26
0,1e-05,1,0,9.56656256631224,33
0,1e-05,1,0,10.4465510368119,34
0,1e-05,1,0,21.9718637845148,27
0,1e-05,1,0,9.61260057246922,32
0,1e-05,1,0,9.85746743577386,34
0,1e-05,1,0,10.2407461509932,35
0,1e-05,1,0,10.1202069240666,33
0,1e-05,1,0,9.86741110271775,35
0,1e-05,1,0,11.028400558979,34
0,1e-05,1,0,9.6265863730697,32
0,1e-05,1,0,25.2404699252023,32
0,1e-05,1,0,11.2413311523323,33
0,1e-05,1,0,9.8427844625874,34
0,1e-05,1,0,11.8244778922602,35
0,1e-05,1,0,9.70809984621063,33
0,1e-05,1,0,9.56656245495581,31
0,1e-05,1,0,9.79891791678576,32
0,1e-05,1,0,9.80079132647221,34
0,1e-05,1,0,9.75193721272824,33
0,1e-05,1,0,10.2061194851558,33
0,1e-05,1,0,9.56855996934014,33
0,1e-05,1,0,10.073144618443,31
0,1e-05,1,0,9.57577118683222,36
0,1e-05,1,0,96.2260202197059,29
0,1e-05,1,0,9.56831842766104,32
0,1e-05,1,0,10.2396188686798,31
0,1e-05,1,0,10.0893089693806,30
0,1e-05,1,0,10.490343747558,34
0,1e-05,1,0,194.782157614021,32
0,1e-05,1,0,9.56656240706477,32
0,1e-05,1,0,9.64143011461594,33
0,1e-05,1,0,81.5958842947206,32
0,1e-05,1,0,9.57166094638018,33
0,1e-05,1,0,9.72783380895541,33
0,1e-05,1,0,33.3446868975765,34
0,1e-05,1,0,10.387476339924,32
0,1e-05,1,0,9.61035102056898,36
0,1e-05,1,0,11.7647275416464,32
0,1e-05,1,0,13.12905444438,29
0,1e-05,1,0,12.9240773865764,31
0,1e-05,1,0,9.93974662745635,31
0,1e-05,1,0,10.7527729838589,29
0,1e-05,1,0,9.56656248907977,32
0,1e-05,1,0,9.56767164257484,32
0,1e-05,1,0,9.68805767865244,27
0,1e-05,1,0,22.4835459947707,31
0,1e-05,1,0,9.56984311725113,33
0,1e-05,1,0,9.8001667249317,30
0,1e-05,1,0,9.56656246642917,32
0,1e-05,1,0,9.56667594165304,32
0,1e-05,1,0,28.4790195486867,31
0,1e-05,1,0,9.57484366986158,32
0,1e-05,1,0,12.1985688559592,34
0,1e-05,1,0,37.7905609007515,32
0,1e-05,1,0,116.70161795125,31
0,1e-05,1,0,9.75194042840593,33
0,1e-05,1,0,68.9454953510655,34
0,1e-05,1,0,61.2570790253474,29
0,1e-05,1,0,10.0619748987323,33
0,1e-05,1,0,9.56852953534181,33
0,1e-05,1,0,10.6713660504878,36
0,1e-05,1,0,16.7555427501704,35
0,1e-05,1,0,9.6124182257424,33
0,1e-05,1,0,96.2408544117411,29
0,1e-05,1,0,9.58398906537752,29
0,1e-05,1,0,12.7667720277982,35
0,1e-05,1,0,9.56793606213088,33
0,1e-05,1,0,52.7022904732776,33
0,1e-05,1,0,9.58227883636155,32
0,1e-05,1,0,10.7921721882897,35
0,1e-05,1,0,9.56985673423875,35
0,1e-05,1,0,12.5023942023647,34
0,1e-05,1,0,9.85430595053716,32
0,1e-05,1,0,11.7895763953902,33
0,1e-05,1,0,38.0910924070525,30
0,1e-05,1,0,9.56656257004499,33
0,1e-05,1,0,12.5429451857833,32
0,1e-05,1,0,9.57024849325878,32
0,1e-05,1,0,9.75644844942478,31
0,1e-05,1,0,46.8600760134743,33
0,1e-05,1,0,9.59572689586934,33
0,1e-05,1,0,9.57575536549538,34
0,1e-05,1,0,9.58747990499931,31
0,1e-05,1,0,9.63655527710862,33
1,0,0,6,46.5703761664341,9
1,0,0,7,56.7059107814885,7
1,0,0,9,41.2812468011684,9
1,0,0,8,37.9387375143263,10
1,0,0,8,55.7861200594376,8
1,0,0,7,49.8467696121051,7
1,0,0,9,41.2092312706436,9
1,0,0,8,53.8329859834825,8
1,0,1,0,68.9610763176704,6
1,0,0,8,46.8284741452941,9
1,0,0,6,54.0661978035807,8
1,0,0,7,48.1783288314319,8
1,0,0,8,53.2934755292356,9
1,0,0,8,46.7798113298354,9
1,0,0,9,41.2500261840846,9
1,0,0,8,38.2264999033688,10
1,0,0,8,35.936541756175,9
1,0,0,8,47.8291115315338,9
1,0,0,9,41.1091097007441,9
1,0,0,7,55.41227000701,8
1,0,0,8,37.897093658073,10
1,0,0,8,45.2879837131275,9
1,0,0,8,48.5030994742231,9
1,0,0,9,45.5694379433953,9
1,0,0,9,41.2858608448459,9
1,0,0,9,43.038132706207,9
1,0,0,8,58.2060478874084,5
1,0,0,6,55.8461650669126,7
1,0,0,4,64.9983160893398,6
1,0,0,8,41.0084563658281,8
1,0,0,8,50.8153186560476,9
1,0,0,9,43.1168308220241,9
1,0,0,8,49.6131143336934,7
1,0,0,6,51.7158264494744,7
1,0,0,9,43.3194635813835,10
1,0,0,8,41.4946167215526,8
1,0,0,7,46.5450093311454,8
1,0,0,9,43.9422871960747,8
1,0,0,7,51.7110781073243,9
1,0,0,9,43.6047256470284,8
1,0,0,8,49.1431896324792,8
1,0,0,8,37.7607481842826,9
1,0,0,9,47.8956592798581,9
1,0,0,6,49.6532470245848,8
1,0,0,8,34.0439934496706,9
1,0,0,7,42.6857587673025,9
1,0,0,8,46.6587198622975,9
1,0,0,7,47.3976670325788,9
1,0,0,8,51.6564285877787,6
1,0,0,8,42.2779459842393,9
1,0,0,9,47.6489685650037,10
1,0,0,8,45.642990504905,9
1,0,0,8,44.0969331073989,9
1,0,0,7,44.9031776506551,9
1,0,0,8,42.9559947520989,9
1,0,0,8,47.1737955068855,7
1,0,0,7,45.3940631078373,9
1,0,0,9,42.5598564359867,9
1,0,0,8,36.0839789444267,10
1,0,0,8,41.3434688223956,9
1,0,0,8,40.1397008654769,9
1,0,0,8,48.3184949307016,9
1,0,0,8,43.2905414414335,9
1,0,0,8,39.5462447574319,9
1,0,0,8,36.7629648961168,9
1,0,0,8,34.8514314581373,10
1,0,0,8,50.7194575578326,9
1,0,0,8,48.3556028845983,9
1,0,0,9,42.3065605822229,9
1,0,0,9,35.3723474181167,9
1,0,0,7,54.8730611629111,7
1,0,0,9,36.6471369475401,9
1,0,0,9,45.4556071572638,10
1,0,0,9,41.4459043526148,9
1,0,0,9,43.4588413306089,9
1,0,0,7,41.0301150652565,10
1,0,0,8,42.1285251607224,9
1,0,0,7,50.8490075541587,8
1,0,0,9,47.3886572958359,9
1,0,0,7,39.6059208041178,9
1,0,0,6,45.5781761837235,8
1,0,0,7,52.179786572764,7
1,0,0,8,40.2702437852289,9
1,0,0,9,43.6172268943733,10
1,0,0,8,45.0821692646403,9
1,0,0,7,52.135818023392,9
1,0,0,8,46.836046976093,8
1,0,0,8,62.5724158030739,8
1,0,0,9,45.4933086382584,9
1,0,0,8,36.5958913413036,9
1,0,0,8,41.5242695691091,9
1,0,0,7,44.7140177785126,9
1,0,0,9,42.1185211683723,8
1,0,0,8,47.1392581272358,9
1,0,0,8,47.6249877548569,8
1,0,0,8,47.533888851887,8
1,0,0,7,55.7406015080713,8
1,0,0,7,39.7479793456043,10
1,0,0,8,43.1417708502429,9
1,0,0,6,46.3913142692025,10
1,0.1,1,0,172.363169469205,9
1,0.1,0,4,87.4487336886921,9
1,0.1,1,0,34.6029665959029,9
1,0.1,1,0,97.5087362455981,9
1,0.1,0,4,144.764152184458,9
1,0.1,1,0,22.3625147278083,9
1,0.1,1,0,8.37927654947981,9
1,0.1,1,0,10.8000869535546,10
1,0.1,1,0,121.476569178269,9
1,0.1,1,0,78.2571869436258,10
1,0.1,1,0,181.394837015569,9
1,0.1,1,0,17.026557766459,10
1,0.1,1,0,40.722787669404,10
1,0.1,0,3,54.4397271725698,9
1,0.1,1,0,248.051005830774,9
1,0.1,1,0,50.9284003349958,10
1,0.1,0,3,90.9279695077036,9
1,0.1,0,2,20.2358884278442,9
1,0.1,0,6,188.014890985347,9
1,0.1,0,9,112.644059027759,9
1,0.1,0,1,8.38696313837474,9
1,0.1,1,0,8.50389471414155,10
1,0.1,1,0,6.01314393960144,10
1,0.1,1,0,168.390768486953,8
1,0.1,1,0,13.8168378545251,10
1,0.1,0,5,228.449600186101,10
1,0.1,1,0,127.339556400208,9
1,0.1,1,0,11.169910526974,9
1,0.1,0,6,69.2550401701874,10
1,0.1,1,0,19.0969928079903,10
1,0.1,1,0,39.1740451361269,11
1,0.1,0,7,47.7909581192734,10
1,0.1,0,1,8.86651938955904,10
1,0.1,1,0,54.9623090933802,10
1,0.1,0,4,24.507538252398,10
1,0.1,1,0,207.320522370105,11
1,0.1,1,0,10.4832341833182,11
1,0.1,0,5,87.7470231607164,11
1,0.1,0,4,161.412334742091,11
1,0.1,1,0,44.7128301311192,11
1,0.1,1,0,81.6893562413145,10
1,0.1,1,0,210.973195535344,10
1,0.1,0,4,87.7785749452219,10
1,0.1,1,0,24.5620582385917,10
1,0.1,0,9,106.007408517902,10
1,0.1,0,1,48.4265625086547,11
1,0.1,0,3,98.4951228281667,10
1,0.1,0,2,290.286366654687,10
1,0.1,0,5,36.9172874199571,11
1,0.1,0,4,73.8075758688772,9
1,0.1,1,0,8.54831002621066,11
1,0.1,1,0,45.0877604153524,11
1,0.1,0,4,114.365345581661,11
1,0.1,0,10,222.385812653553,10
1,0.1,1,0,36.2431080960671,11
1,0.1,0,2,17.4087997186259,10
1,0.1,0,2,366.9175437106,10
1,0.1,0,1,25.6324346277858,10
1,0.1,1,0,6.05884452772053,10
1,0.1,1,0,99.4571010192868,11
1,0.1,0,8,114.888458124278,10
1,0.1,0,4,33.0084703432541,10
1,0.1,1,0,28.1914890159248,10
1,0.1,1,0,23.3965056162749,10
1,0.1,1,0,23.3800702188041,10
1,0.1,1,0,16.3790444693265,10
1,0.1,0,4,132.228094263559,11
1,0.1,1,0,9.21055781339539,10
1,0.1,0,1,85.421512668381,10
1,0.1,1,0,22.7652916807874,10
1,0.1,1,0,160.245239607056,11
1,0.1,1,0,8.21122997584067,10
1,0.1,1,0,138.037679486695,10
1,0.1,0,5,33.0932624544844,10
1,0.1,1,0,49.8292493143913,10
1,0.1,0,1,79.9528193821752,11
1,0.1,1,0,18.4644734947526,11
1,0.1,1,0,17.4824874099722,10
1,0.1,0,7,153.302971677097,11
1,0.1,0,3,52.852324118505,11
1,0.1,1,0,77.8513841627781,11
1,0.1,1,0,5.80875713182444,10
1,0.1,0,8,52.8186079961467,11
1,0.1,1,0,84.621039080062,10
1,0.1,0,2,161.226962558594,10
1,0.1,0,6,33.6432109849023,10
1,0.1,1,0,44.4172323973467,11
1,0.1,1,0,124.43694704013,10
1,0.1,1,0,23.091809135178,10
1,0.1,0,2,39.5376217784336,11
1,0.1,1,0,40.8505992900429,11
1,0.1,0,2,29.0086203135143,10
1,0.1,1,0,310.346986760086,11
1,0.1,0,6,102.440000234744,11
1,0.1,0,2,72.0530713758508,11
1,0.1,1,0,24.0427696103509,11
1,0.1,1,0,7.53679826041219,11
1,0.1,0,7,305.200999026081,11
1,0.1,1,0,11.7129869454341,11
1,0.1,0,5,496.535446807038,10
1,0.01,0,4,85.7438719313404,10
1,0.01,1,0,75.4648750754513,10
1,0.01,0,9,34.8217320688532,10
1,0.01,0,5,115.684120003045,10
1,0.01,0,8,31.9824552931843,10
1,0.01,0,8,120.944660826958,11
1,0.01,0,2,106.863425972284,10
1,0.01,0,11,111.633325141561,10
1,0.01,0,8,35.2034815313631,10
1,0.01,0,7,75.1365133086952,11
1,0.01,0,8,78.3364041156032,11
1,0.01,0,6,16.7176443907335,11
1,0.01,0,2,225.131017234843,12
1,0.01,0,3,184.020104626772,11
1,0.01,1,0,59.5682679369896,11
1,0.01,0,2,79.6311621934161,10
1,0.01,0,3,492.855909499032,11
1,0.01,0,10,61.415023146865,11
1,0.01,0,3,142.891952217909,11
1,0.01,0,7,63.8664221015142,11
1,0.01,0,7,106.193923977927,11
1,0.01,0,3,95.6746129505791,10
1,0.01,0,6,91.8660901409233,11
1,0.01,0,3,39.8697228247715,11
1,0.01,0,6,57.3305501850475,10
1,0.01,0,4,167.340358909118,11
1,0.01,0,6,37.289440025989,11
1,0.01,0,7,55.7479124055436,11
1,0.01,0,3,93.0761405834259,11
1,0.01,0,2,164.205402525892,11
1,0.01,1,0,91.6785569780659,11
1,0.01,0,6,14.2793252724192,11
1,0.01,0,8,82.2988279620511,11
1,0.01,0,10,52.9072752224091,11
1,0.01,0,8,177.141413056316,10
1,0.01,0,4,57.1237814760767,11
1,0.01,0,1,129.95862718337,12
1,0.01,0,7,183.93131409898,11
1,0.01,0,3,40.4263006922784,10
1,0.01,0,6,85.8860482638457,11
1,0.01,1,0,23.2504777502478,11
1,0.01,0,8,291.078757550072,11
1,0.01,0,7,37.5360429308533,11
1,0.01,0,3,180.906735267442,11
1,0.01,0,3,124.245363079238,11
1,0.01,0,7,68.1053010267612,11
1,0.01,0,1,193.183230169567,11
1,0.01,0,8,38.9559323006781,11
1,0.01,0,10,65.5671169416069,11
1,0.01,0,7,69.1821537052183,11
1,0.01,0,9,49.8167169085591,11
1,0.01,0,8,80.7832374935555,11
1,0.01,0,6,107.117964823239,11
1,0.01,0,7,59.5353424467473,11
1,0.01,0,2,91.8650568577512,11
1,0.01,0,11,122.234881291335,11
1,0.01,0,10,70.1505429842815,11
1,0.01,0,9,73.8663121468425,11
1,0.01,1,0,199.156230717418,11
1,0.01,0,6,137.24390315565,11
1,0.01,0,7,21.984745832117,11
1,0.01,0,5,104.200514554854,11
1,0.01,0,7,122.000478849217,11
1,0.01,0,7,36.3208894097946,11
1,0.01,0,6,62.7784332044799,11
1,0.01,0,3,57.7063717603433,12
1,0.01,0,9,74.8530055248827,11
1,0.01,0,7,63.5531925181706,11
1,0.01,0,6,54.086943804043,11
1,0.01,0,8,128.386843788892,11
1,0.01,0,4,96.4641412444086,11
1,0.01,0,6,156.835203261539,11
1,0.01,0,7,22.5057958068529,11
1,0.01,0,9,47.7211888206253,11
1,0.01,0,9,62.2850927873651,11
1,0.01,0,8,38.5039539191254,11
1,0.01,0,2,177.290204730851,11
1,0.01,0,6,145.570130033701,11
1,0.01,0,8,191.669330366979,11
1,0.01,1,0,237.181912187567,11
1,0.01,0,6,56.7631849617092,12
1,0.01,0,3,50.9749081991902,11
1,0.01,1,0,64.3919165716623,11
1,0.01,0,2,13.0607407223392,11
1,0.01,0,6,83.5803700432318,10
1,0.01,0,1,84.7768367207519,12
1,0.01,0,2,126.728209610424,10
1,0.01,0,6,25.3121206965693,11
1,0.01,0,7,76.8798656686984,10
1,0.01,0,5,327.425490803395,11
1,0.01,0,7,50.724288240909,11
1,0.01,0,9,44.7603197182947,10
1,0.01,0,9,44.6326208798863,11
1,0.01,0,8,36.9845577561038,11
1,0.01,0,5,74.3644387123107,11
1,0.01,0,3,115.475247819961,11
1,0.01,0,9,203.790909968348,11
1,0.01,0,8,147.827920018335,11
1,0.01,0,9,40.154435238421,11
1,0.01,0,10,86.5847837688887,11
1,0.001,0,10,76.9544531857788,11
1,0.001,0,8,87.6841927338904,12
1,0.001,0,9,25.2564508843734,10
1,0.001,0,9,46.1373519920348,11
1,0.001,0,9,28.0564057765042,11
1,0.001,0,10,60.4343977026365,11
1,0.001,0,7,36.1409691772728,12
1,0.001,0,10,36.018183426605,10
1,0.001,0,8,122.892142667957,10
1,0.001,0,7,35.1026102189819,11
1,0.001,0,9,42.404809591922,12
1,0.001,0,9,39.7490611141727,11
1,0.001,0,10,57.7380902374722,11
1,0.001,0,8,23.097029317653,11
1,0.001,0,9,94.6517132846068,11
1,0.001,0,10,140.863117161515,11
1,0.001,0,8,64.1180499558776,11
1,0.001,0,5,38.1237833078266,11
1,0.001,0,10,58.1469157351662,11
1,0.001,0,10,56.2959254452517,11
1,0.001,0,8,103.844994125639,11
1,0.001,0,9,37.2118486500285,11
1,0.001,0,9,86.5865839819117,11
1,0.001,0,8,29.0486216536751,11
1,0.001,0,10,33.3623671715677,11
1,0.001,0,10,71.5460966079948,11
1,0.001,0,9,29.7538105139969,11
1,0.001,0,8,38.2420585881685,11
1,0.001,0,10,50.6203583674402,11
1,0.001,0,8,24.3349069896103,11
1,0.001,0,10,32.9729797529919,11
1,0.001,0,10,58.1536854554014,11
1,0.001,0,9,37.1296524287515,11
1,0.001,0,7,38.6370011981078,11
1,0.001,0,8,30.0556655957665,11
1,0.001,0,8,51.8606491625317,11
1,0.001,0,9,58.9090583878671,11
1,0.001,0,9,48.048572164147,12
1,0.001,0,9,105.961109251093,11
1,0.001,0,10,40.6134116627439,11
1,0.001,0,10,47.1496662682072,12
1,0.001,0,10,59.1378869950951,11
1,0.001,0,9,38.3838100521344,10
1,0.001,0,9,40.7737345471116,11
1,0.001,0,8,79.0505418365927,11
1,0.001,0,9,48.557801667148,11
1,0.001,0,10,28.2344822413096,11
1,0.001,0,7,37.23485361977,11
1,0.001,0,10,53.4291013108305,11
1,0.001,0,9,27.2318387457862,11
1,0.001,0,9,79.9263001187239,11
1,0.001,0,9,38.065601252333,11
1,0.001,0,9,37.0842973975592,11
1,0.001,0,8,33.2458849809623,11
1,0.001,0,8,57.5106155882501,12
1,0.001,0,8,46.9112810689641,11
1,0.001,0,10,30.6025733305391,11
1,0.001,0,9,46.6823690793523,11
1,0.001,0,9,31.4927384715954,11
1,0.001,0,9,37.1595483579236,11
1,0.001,0,8,22.7863343522358,11
1,0.001,0,7,33.1657827044013,11
1,0.001,0,8,34.2527502512232,11
1,0.001,0,10,56.5274712876776,11
1,0.001,0,9,37.613877782888,11
1,0.001,0,9,35.7295620336908,12
1,0.001,0,8,66.6466814949011,12
1,0.001,0,9,34.0373289954738,11
1,0.001,0,10,34.202936724054,11
1,0.001,0,9,41.3915610773699,11
1,0.001,0,9,33.0147604534176,11
1,0.001,0,9,69.7435219586227,11
1,0.001,0,9,45.7013312718711,11
1,0.001,0,3,57.6378366906506,11
1,0.001,0,9,65.6174392260696,11
1,0.001,0,8,73.7398712301202,11
1,0.001,0,8,96.2161057287657,12
1,0.001,0,7,31.4377418528368,11
1,0.001,0,7,42.0261921671848,12
1,0.001,0,9,26.0398388406646,11
1,0.001,0,9,86.8734825957025,11
1,0.001,0,10,35.7097197936994,11
1,0.001,0,8,27.8107437059621,11
1,0.001,0,9,64.0547589275308,12
1,0.001,0,8,37.3321715230362,11
1,0.001,0,8,94.4212751267379,11
1,0.001,0,7,35.3528102420589,11
1,0.001,0,9,32.6464500791509,11
1,0.001,0,11,50.5445482626512,12
1,0.001,0,10,71.6375992245469,12
1,0.001,0,10,84.2017373943567,11
1,0.001,0,7,29.4987724882865,11
1,0.001,0,7,32.8560268184358,11
1,0.001,0,10,52.8596611523368,11
1,0.001,0,8,23.9565915162159,11
1,0.001,0,8,42.9922398655484,11
1,0.001,0,5,51.9903891608436,11
1,0.001,0,10,71.3912971474192,11
1,0.001,0,7,55.2392293381515,11
1,0.001,0,10,44.4968247120153,11
1,0.0001,0,10,33.0088782564789,12
1,0.0001,0,7,35.7356420211293,11
1,0.0001,0,10,39.0662453583525,12
1,0.0001,0,9,30.7933403027117,11
1,0.0001,0,9,30.5236488236213,11
1,0.0001,0,9,39.7835612873079,12
1,0.0001,0,9,40.3162367984774,12
1,0.0001,0,9,46.611703673391,11
1,0.0001,0,9,29.5710268985093,11
1,0.0001,0,9,28.3727622343984,11
1,0.0001,0,9,32.0896947696439,11
1,0.0001,0,6,59.100909467241,11
1,0.0001,0,9,32.0280327439246,11
1,0.0001,0,9,33.5146986904801,11
1,0.0001,0,10,30.4544016616093,11
1,0.0001,0,1,976.161241666184,11
1,0.0001,0,1,872.161708405095,12
1,0.0001,0,3,810.366088667012,13
1,0.0001,0,4,917.874800672856,13
1,0.0001,0,3,726.703187243153,12
1,0.0001,0,7,874.204041266937,13
1,0.0001,0,3,791.819695287839,13
1,0.0001,0,1,839.324151637445,12
1,0.0001,0,3,857.435203536676,13
1,0.0001,0,3,796.959251877859,12
1,0.0001,0,6,1195.67240044527,13
1,0.0001,0,3,791.819705832019,13
1,0.0001,0,3,809.365936197802,12
1,0.0001,0,3,716.962127936031,12
1,0.0001,0,4,870.012630231718,13
1,0.0001,0,6,864.493828694807,13
1,0.0001,0,3,1026.17808092047,12
1,0.0001,0,4,1012.704401511,13
1,0.0001,0,5,825.829405798517,12
1,0.0001,0,5,825.829405798517,13
1,0.0001,0,5,825.877268240468,12
1,0.0001,0,1,872.302972041848,12
1,0.0001,0,1,889.50040438829,13
1,0.0001,0,6,806.981174168629,13
1,0.0001,0,3,1202.8329366403,12
1,0.0001,0,3,791.827677582134,13
1,0.0001,0,2,702.822241502973,12
1,0.0001,0,5,842.225562621239,12
1,0.0001,0,11,1300.95075266553,12
1,0.0001,0,4,686.606970692009,13
1,0.0001,0,3,861.700661588013,12
1,0.0001,0,6,468.69890529067,13
1,0.0001,0,1,831.924248137814,12
1,0.0001,0,3,809.787050145963,12
1,0.0001,0,3,791.819695287839,13
1,0.0001,0,3,789.615774167676,12
1,0.0001,0,1,968.592216047625,12
1,0.0001,0,5,825.829413591204,13
1,0.0001,0,3,809.787050145963,12
1,0.0001,0,3,791.819695287839,13
1,0.0001,0,3,733.576650823744,12
1,0.0001,0,3,791.819695287839,13
1,0.0001,0,11,1133.09137074789,12
1,0.0001,0,1,1313.09934795821,13
1,0.0001,0,4,776.828619022533,13
1,0.0001,0,3,726.328501418512,12
1,0.0001,0,5,825.829405798517,13
1,0.0001,0,3,840.500489557512,13
1,0.0001,0,3,806.302622968495,13
1,0.0001,0,1,710.654368501917,13
1,0.0001,0,1,872.308710786715,13
1,0.0001,0,3,809.365891968891,13
1,0.0001,0,7,848.152394242893,13
1,0.0001,0,5,890.069077389831,13
1,0.0001,0,5,893.761304496614,13
1,0.0001,0,3,790.768508899726,13
1,0.0001,0,5,1528.95680293095,12
1,0.0001,0,11,1405.09741696805,12
1,0.0001,0,2,1414.70549112454,12
1,0.0001,0,1,803.718439587552,12
1,0.0001,0,1,699.714503916383,13
1,0.0001,0,4,1260.17360834467,12
1,0.0001,0,3,822.623406793709,12
1,0.0001,0,4,846.287193096713,12
1,0.0001,0,10,1368.66184863929,13
1,0.0001,0,7,977.476587368137,12
1,0.0001,0,7,1022.22142536541,13
1,0.0001,0,1,697.803725036969,12
1,0.0001,0,1,632.870198260662,13
1,0.0001,0,5,766.872963982506,13
1,0.0001,0,3,1063.52867997881,13
1,0.0001,0,1,710.832708548627,12
1,0.0001,0,5,890.016259762704,13
1,0.0001,0,9,436.028534080408,13
1,0.0001,0,5,1039.60660612012,13
1,0.0001,0,3,791.77197872548,13
1,0.0001,0,6,1002.88109301996,12
1,0.0001,0,3,839.048150282738,12
1,0.0001,0,1,914.502826370677,12
1,0.0001,0,3,726.703187243153,13
1,0.0001,0,8,1034.11724710524,13
1,0.0001,0,3,791.819679969666,13
1,0.0001,0,9,1400.00619469472,12
1,0.0001,0,3,784.280157651863,13
1,0.0001,0,3,1473.66130539061,13
1,1e-05,0,3,809.365936197802,12
1,1e-05,0,3,809.365936197802,13
1,1e-05,0,3,791.819695287839,13
1,1e-05,0,1,872.161708405095,13
1,1e-05,0,3,791.494427192977,13
1,1e-05,0,3,757.307088691173,13
1,1e-05,0,3,810.012991116567,12
1,1e-05,0,1,872.161708405095,13
1,1e-05,0,4,951.835647331342,12
1,1e-05,0,3,791.819695287839,13
1,1e-05,0,5,825.829405798517,13
1,1e-05,0,1,872.302972041848,12
1,1e-05,0,3,809.365936197802,13
1,1e-05,0,3,791.819695287839,13
1,1e-05,1,0,375.085134937084,12
1,1e-05,0,1,485.924532393426,13
1,1e-05,0,3,792.058922238856,12
1,1e-05,0,5,825.833303021263,12
1,1e-05,0,1,872.302972041848,12
1,1e-05,0,2,731.751539669554,12
1,1e-05,0,3,809.787050145963,12
1,1e-05,0,3,791.819695287839,13
1,1e-05,0,3,724.119310802836,13
1,1e-05,0,3,809.787050145963,12
1,1e-05,0,1,872.161708405095,12
1,1e-05,0,3,792.293426691477,13
1,1e-05,0,5,848.988448213722,12
1,1e-05,0,3,809.787050145963,12
1,1e-05,0,3,809.787050145963,12
1,1e-05,0,5,825.829405798517,12
1,1e-05,0,3,809.365936197802,12
1,1e-05,0,3,791.819695287839,12
1,1e-05,0,1,872.302972041848,12
1,1e-05,0,1,872.302972041848,12
1,1e-05,0,3,791.819695287839,13
1,1e-05,0,3,791.819695287839,13
1,1e-05,0,3,809.787050145963,13
1,1e-05,0,3,679.715635677637,12
1,1e-05,0,3,792.253576049143,13
1,1e-05,0,3,809.787050145963,12
1,1e-05,0,3,791.819776633982,13
1,1e-05,0,3,809.365936197802,12
1,1e-05,0,5,825.829405798517,13
1,1e-05,0,3,791.819695287839,12
1,1e-05,0,2,814.500191713047,13
1,1e-05,0,3,726.703187243153,13
1,1e-05,0,1,872.302972041848,12
1,1e-05,0,5,825.829405798517,12
1,1e-05,0,3,726.703187243153,13
1,1e-05,0,3,809.365936197802,12
1,1e-05,0,1,872.314889392296,12
1,1e-05,0,1,872.302972041848,12
1,1e-05,0,4,716.813169720523,13
1,1e-05,0,3,791.819695287839,12
1,1e-05,0,1,979.921855389285,12
1,1e-05,0,1,877.147296259234,13
1,1e-05,0,1,872.302972041848,12
1,1e-05,0,3,809.787050145963,13
1,1e-05,0,3,806.694415904891,12
1,1e-05,0,4,672.364663742144,12
1,1e-05,0,3,791.819695287839,12
1,1e-05,0,3,809.365936197802,13
1,1e-05,0,3,809.365936197802,12
1,1e-05,0,5,825.933261172421,13
1,1e-05,0,3,809.990544808933,12
1,1e-05,0,3,791.819695287839,13
1,1e-05,0,1,872.161708405095,13
1,1e-05,0,5,825.829405798517,12
1,1e-05,0,1,880.007105053206,13
1,1e-05,0,1,872.161708405095,13
1,1e-05,0,3,812.769806245111,13
1,1e-05,0,6,1077.60070968926,12
1,1e-05,0,5,825.933261172421,12
1,1e-05,0,3,809.384907824158,12
1,1e-05,0,3,791.819695287839,13
1,1e-05,0,4,951.846434796216,12
1,1e-05,0,1,874.60834762045,12
1,1e-05,0,2,1217.87742006777,13
1,1e-05,0,3,726.703187243153,13
1,1e-05,0,1,872.314889392296,12
1,1e-05,0,1,872.302972041848,12
1,1e-05,0,3,809.787050145963,12
1,1e-05,0,4,733.826692292404,13
1,1e-05,0,4,749.624833324851,12
1,1e-05,0,1,902.427761946953,12
1,1e-05,0,1,872.303108759676,12
1,1e-05,0,3,809.365936197802,12
1,1e-05,0,1,872.303096772556,12
1,1e-05,0,5,660.674979575771,12
1,1e-05,0,3,791.819695287839,13
1,1e-05,0,3,726.703187243153,12
1,1e-05,0,1,899.611930211922,12
1,1e-05,0,3,809.787050145963,13
1,1e-05,0,1,901.040899651056,12
1,1e-05,0,4,917.784106500854,12
1,1e-05,0,3,809.365936197802,12
1,1e-05,0,1,901.105673203795,12
1,1e-05,0,1,872.161708405095,12
1,1e-05,0,3,809.365936197802,12
1,1e-05,0,5,825.829405798517,13
2,0,0,1,886.38417693925,54
2,0,0,3,1052.88878053435,53
2,0,0,4,934.694569488228,54
2,0,0,3,899.395590992375,54
2,0,0,3,1052.88878053435,52
2,0,0,3,1052.88878053435,51
2,0,0,5,747.845917238289,52
2,0,0,3,1043.25770091262,54
2,0,0,3,1052.88878053435,53
2,0,0,3,1052.88878053435,51
2,0,0,3,1052.88878053435,54
2,0,0,3,1052.88878053435,52
2,0,0,3,1031.43691885212,54
2,0,0,3,897.374978486463,54
2,0,0,3,1052.88878053435,55
2,0,0,3,1048.43053910281,53
2,0,0,4,679.351730286233,53
2,0,0,3,1052.88878053435,54
2,0,0,3,1052.20955960333,53
2,0,0,3,1052.88878053435,52
2,0,0,4,1239.05038895663,52
2,0,0,3,1052.88878053435,52
2,0,0,3,1052.88878053435,54
2,0,0,3,1052.88878053435,54
2,0,0,3,1052.88878053435,54
2,0,0,3,1052.88878053435,54
2,0,0,3,1052.88906458982,53
2,0,0,3,1052.88878053435,53
2,0,0,2,885.880367488986,55
2,0,0,3,1052.88878053435,52
2,0,0,2,1041.60271783619,54
2,0,0,1,911.601646582245,55
2,0,0,3,1052.88878053435,54
2,0,0,3,1052.88878053435,52
2,0,0,2,931.857736717552,53
2,0,0,3,1052.88878053435,53
2,0,0,5,737.321131059118,53
2,0,0,3,1052.88878053435,53
2,0,0,3,1051.5359470734,52
2,0,0,3,1246.20260389249,54
2,0,0,3,1052.88878053435,53
2,0,0,3,1051.5359470734,54
2,0,0,3,1052.88878053435,54
2,0,0,2,931.857736717552,52
2,0,0,3,1052.88878053435,54
2,0,0,3,1052.88878053435,52
2,0,0,2,935.686539636227,52
2,0,0,3,1052.88878053435,54
2,0,0,2,936.577560311441,54
2,0,0,3,895.812619872212,55
2,0,0,3,908.582960872351,52
2,0,0,3,1052.88878053435,53
2,0,0,3,1052.88878053435,53
2,0,0,3,1052.88878053435,54
2,0,0,3,1045.24257095437,54
2,0,0,6,1479.53247860222,54
2,0,0,3,1052.88878053435,53
2,0,0,3,1052.88906458982,53
2,0,0,3,1040.83435150707,53
2,0,0,3,1023.86154027824,53
2,0,0,3,1052.88878053435,52
2,0,0,1,772.500578739142,54
2,0,0,3,1042.77758121715,53
2,0,0,3,1048.33225415876,52
2,0,0,4,1042.06613158336,53
2,0,0,3,1052.88878053435,53
2,0,0,3,1052.88878053435,52
2,0,0,3,1054.26648917261,52
2,0,0,3,1052.88878053435,54
2,0,0,3,1052.90851274775,51
2,0,0,3,1052.88878053435,53
2,0,0,3,1042.5451924483,52
2,0,0,3,1052.88878053435,51
2,0,0,3,1052.88878053435,51
2,0,0,3,1052.88878053435,54
2,0,0,3,1052.88878053435,54
2,0,0,3,1052.88878053435,51
2,0,0,3,1041.37561785554,54
2,0,0,4,888.090691611868,54
2,0,0,3,1051.5359470734,53
2,0,0,3,1052.88878053435,54
2,0,0,4,904.827714919943,54
2,0,0,3,1052.88878053435,51
2,0,0,1,767.463860606737,53
2,0,0,3,1052.88906458982,54
2,0,0,3,1052.88878053435,54
2,0,0,3,1247.71458622207,51
2,0,0,3,1051.75550461916,52
2,0,0,5,1027.93690459697,52
2,0,0,3,1052.88878053435,53
2,0,0,3,1052.88878053435,53
2,0,1,0,838.629023023724,52
2,0,0,3,1052.88878053435,53
2,0,0,3,873.828791652974,54
2,0,0,3,1052.88878053435,53
2,0,0,3,1052.88878053435,52
2,0,0,1,765.480653591124,51
2,0,0,3,1052.88878053435,53
2,0,0,1,739.887245094665,54
2,0,0,3,895.812619872212,54
2,0.1,1,0,298.895324757834,55
2,0.1,1,0,307.462438211361,55
2,0.1,0,7,311.855506353705,55
2,0.1,0,6,164.905554976028,54
2,0.1,1,0,12.9253761475598,53
2,0.1,0,6,236.949246993668,52
2,0.1,0,6,165.407640555729,55
2,0.1,1,0,11.5404443335996,53
2,0.1,0,6,67.1522081836342,53
2,0.1,1,0,162.585119375193,54
2,0.1,0,6,56.3475482948416,54
2,0.1,1,0,183.288032288833,56
2,0.1,1,0,156.385600917355,53
2,0.1,0,6,361.937272617079,53
2,0.1,0,6,57.1545980428847,54
2,0.1,1,0,290.183450295154,55
2,0.1,0,6,190.370802864216,52
2,0.1,0,6,163.559241376191,54
2,0.1,1,0,53.2714134883377,53
2,0.1,1,0,9.61781981913956,54
2,0.1,0,7,147.817710132368,53
2,0.1,0,4,191.222697514935,53
2,0.1,0,9,188.727880582018,54
2,0.1,1,0,217.119955953593,52
2,0.1,1,0,13.5410521275342,54
2,0.1,1,0,10.9066024478713,54
2,0.1,1,0,314.801848429229,53
2,0.1,0,2,87.8173771139374,53
2,0.1,0,6,202.677170670119,54
2,0.1,0,6,83.6822165729099,53
2,0.1,1,0,64.4504844440591,54
2,0.1,0,7,256.208848471967,55
2,0.1,0,6,127.249766872789,54
2,0.1,0,6,532.331433550755,52
2,0.1,1,0,210.751094056195,53
2,0.1,0,6,213.48379566977,54
2,0.1,1,0,22.7643076265347,54
2,0.1,1,0,197.652690170383,55
2,0.1,0,2,255.539379247649,53
2,0.1,0,3,463.472471217736,54
2,0.1,0,6,241.95204621968,55
2,0.1,0,8,242.980111915042,54
2,0.1,0,1,15.3008987215101,55
2,0.1,1,0,85.174429404415,53
2,0.1,0,3,164.816035018458,52
2,0.1,1,0,136.909351805573,53
2,0.1,0,6,93.4465934222128,54
2,0.1,1,0,168.328412320636,52
2,0.1,0,6,219.369650332112,52
2,0.1,0,6,279.535205567046,54
2,0.1,1,0,188.321706721553,54
2,0.1,1,0,186.407775578157,53
2,0.1,1,0,22.0784998964773,54
2,0.1,1,0,93.594154401676,52
2,0.1,1,0,23.4931050657556,54
2,0.1,0,7,238.205111473133,53
2,0.1,0,6,57.1159234605275,52
2,0.1,1,0,81.7721829867279,54
2,0.1,0,4,83.0204452735465,52
2,0.1,1,0,69.1668595542101,52
2,0.1,1,0,44.3957251020711,52
2,0.1,0,7,226.284683185058,53
2,0.1,0,4,198.968449761947,54
2,0.1,0,2,62.141527024485,51
2,0.1,1,0,244.164000467617,54
2,0.1,0,6,110.923839547008,55
2,0.1,0,5,149.463649194794,55
2,0.1,0,6,140.301776820579,52
2,0.1,0,9,70.7690387337839,53
2,0.1,0,6,191.622344870193,55
2,0.1,0,6,59.0011681664655,54
2,0.1,0,6,138.87575847849,53
2,0.1,0,6,50.4421189553803,55
2,0.1,0,6,59.1311254222901,54
2,0.1,1,0,33.3657917143825,54
2,0.1,0,10,205.099942466443,54
2,0.1,1,0,63.0891882480468,55
2,0.1,0,3,216.570694778977,52
2,0.1,0,8,112.382816562266,53
2,0.1,0,5,429.430709159644,53
2,0.1,1,0,370.36463019233,54
2,0.1,1,0,17.8209184974251,54
2,0.1,0,6,70.0352047228419,55
2,0.1,0,9,298.941653582851,54
2,0.1,0,6,94.11997604503,53
2,0.1,0,7,203.01574972952,53
2,0.1,1,0,9.56658785747316,53
2,0.1,0,5,102.997325482746,54
2,0.1,0,6,91.7548623581808,54
2,0.1,1,0,38.1117327925749,54
2,0.1,0,7,213.26266885626,53
2,0.1,0,8,284.53858623335,52
0,0,0,0,0,0
0,0,0,0,0,0
0,0,0,0,0,0
0,0,0,0,0,0
0,0,0,0,0,0
0,0,0,0,0,0
0,0,0,0,0,0
0,0,0,0,0,0
0,0,0,0,0,0
0,0,0,0,0,0
0,0,0,0,0,0
0,0,0,0,0,0
0,0,0,0,0,0
0,0,0,0,0,0
0,0,0,0,0,0
0,0,0,0,0,0
0,0,0,0,0,0
0,0,0,0,0,0
0,0,0,0,0,0
0,0,0,0,0,0
0,0,0,0,0,0
0,0,0,0,0,0
0,0,0,0,0,0
0,0,0,0,0,0
0,0,0,0,0,0
0,0,0,0,0,0
0,0,0,0,0,0
0,0,0,0,0,0
0,0,0,0,0,0
0,0,0,0,0,0
0,0,0,0,0,0
0,0,0,0,0,0
0,0,0,0,0,0
0,0,0,0,0,0
0,0,0,0,0,0
0,0,0,0,0,0
0,0,0,0,0,0
0,0,0,0,0,0
0,0,0,0,0,0
0,0,0,0,0,0
0,0,0,0,0,0
0,0,0,0,0,0
0,0,0,0,0,0
0,0,0,0,0,0
0,0,0,0,0,0
0,0,0,0,0,0
0,0,0,0,0,0
0,0,0,0,0,0
0,0,0,0,0,0
0,0,0,0,0,0
0,0,0,0,0,0
0,0,0,0,0,0
0,0,0,0,0,0
0,0,0,0,0,0
0,0,0,0,0,0
0,0,0,0,0,0
0,0,0,0,0,0
0,0,0,0,0,0
0,0,0,0,0,0
0,0,0,0,0,0
0,0,0,0,0,0
0,0,0,0,0,0
0,0,0,0,0,0
0,0,0,0,0,0
0,0,0,0,0,0
0,0,0,0,0,0
0,0,0,0,0,0
0,0,0,0,0,0
0,0,0,0,0,0
0,0,0,0,0,0
0,0,0,0,0,0
0,0,0,0,0,0
0,0,0,0,0,0
0,0,0,0,0,0
0,0,0,0,0,0
0,0,0,0,0,0
0,0,0,0,0,0
0,0,0,0,0,0
0,0,0,0,0,0
0,0,0,0,0,0
0,0,0,0,0,0
0,0,0,0,0,0
0,0,0,0,0,0
0,0,0,0,0,0
0,0,0,0,0,0
0,0,0,0,0,0
0,0,0,0,0,0
0,0,0,0,0,0
0,0,0,0,0,0
0,0,0,0,0,0
0,0,0,0,0,0
0,0,0,0,0,0
0,0,0,0,0,0
0,0,0,0,0,0
0,0,0,0,0,0
0,0,0,0,0,0
0,0,0,0,0,0
0,0,0,0,0,0
0,0,0,0,0,0
0,0,0,0,0,0
0,0,0,0,0,0
0,0,0,0,0,0
0,0,0,0,0,0
0,0,0,0,0,0
0,0,0,0,0,0
0,0,0,0,0,0
0,0,0,0,0,0
0,0,0,0,0,0
0,0,0,0,0,0
0,0,0,0,0,0
0,0,0,0,0,0
0,0,0,0,0,0
0,0,0,0,0,0
0,0,0,0,0,0
0,0,0,0,0,0
0,0,0,0,0,0
0,0,0,0,0,0
0,0,0,0,0,0
0,0,0,0,0,0
0,0,0,0,0,0
0,0,0,0,0,0
0,0,0,0,0,0
0,0,0,0,0,0
0,0,0,0,0,0
0,0,0,0,0,0
0,0,0,0,0,0
0,0,0,0,0,0
0,0,0,0,0,0
0,0,0,0,0,0
0,0,0,0,0,0
0,0,0,0,0,0
0,0,0,0,0,0
0,0,0,0,0,0
0,0,0,0,0,0
0,0,0,0,0,0
0,0,0,0,0,0
0,0,0,0,0,0
0,0,0,0,0,0
0,0,0,0,0,0
0,0,0,0,0,0
0,0,0,0,0,0
0,0,0,0,0,0
0,0,0,0,0,0
0,0,0,0,0,0
0,0,0,0,0,0
0,0,0,0,0,0
0,0,0,0,0,0
0,0,0,0,0,0
0,0,0,0,0,0
0,0,0,0,0,0
0,0,0,0,0,0
0,0,0,0,0,0
0,0,0,0,0,0
0,0,0,0,0,0
0,0,0,0,0,0
0,0,0,0,0,0
0,0,0,0,0,0
0,0,0,0,0,0
0,0,0,0,0,0
0,0,0,0,0,0
0,0,0,0,0,0
0,0,0,0,0,0
0,0,0,0,0,0
0,0,0,0,0,0
0,0,0,0,0,0
0,0,0,0,0,0
0,0,0,0,0,0
0,0,0,0,0,0
0,0,0,0,0,0
0,0,0,0,0,0
0,0,0,0,0,0
0,0,0,0,0,0
0,0,0,0,0,0
0,0,0,0,0,0
0,0,0,0,0,0
0,0,0,0,0,0
0,0,0,0,0,0
0,0,0,0,0,0
0,0,0,0,0,0
0,0,0,0,0,0
0,0,0,0,0,0
0,0,0,0,0,0
0,0,0,0,0,0
0,0,0,0,0,0
0,0,0,0,0,0
0,0,0,0,0,0
0,0,0,0,0,0
0,0,0,0,0,0
0,0,0,0,0,0
0,0,0,0,0,0
0,0,0,0,0,0
0,0,0,0,0,0
0,0,0,0,0,0
0,0,0,0,0,0
0,0,0,0,0,0
0,0,0,0,0,0
0,0,0,0,0,0
0,0,0,0,0,0
0,0,0,0,0,0
0,0,0,0,0,0
0,0,0,0,0,0
0,0,0,0,0,0
0,0,0,0,0,0
0,0,0,0,0,0
0,0,0,0,0,0
0,0,0,0,0,0
0,0,0,0,0,0
0,0,0,0,0,0
0,0,0,0,0,0
0,0,0,0,0,0
0,0,0,0,0,0
0,0,0,0,0,0
0,0,0,0,0,0
0,0,0,0,0,0
0,0,0,0,0,0
0,0,0,0,0,0
0,0,0,0,0,0
0,0,0,0,0,0
0,0,0,0,0,0
0,0,0,0,0,0
0,0,0,0,0,0
0,0,0,0,0,0
0,0,0,0,0,0
0,0,0,0,0,0
0,0,0,0,0,0
0,0,0,0,0,0
0,0,0,0,0,0
0,0,0,0,0,0
0,0,0,0,0,0
0,0,0,0,0,0
0,0,0,0,0,0
0,0,0,0,0,0
0,0,0,0,0,0
0,0,0,0,0,0
0,0,0,0,0,0
0,0,0,0,0,0
0,0,0,0,0,0
0,0,0,0,0,0
0,0,0,0,0,0
0,0,0,0,0,0
0,0,0,0,0,0
0,0,0,0,0,0
0,0,0,0,0,0
0,0,0,0,0,0
0,0,0,0,0,0
0,0,0,0,0,0
0,0,0,0,0,0
0,0,0,0,0,0
0,0,0,0,0,0
0,0,0,0,0,0
0,0,0,0,0,0
0,0,0,0,0,0
0,0,0,0,0,0
0,0,0,0,0,0
0,0,0,0,0,0
0,0,0,0,0,0
0,0,0,0,0,0
0,0,0,0,0,0
0,0,0,0,0,0
0,0,0,0,0,0
0,0,0,0,0,0
0,0,0,0,0,0
0,0,0,0,0,0
0,0,0,0,0,0
0,0,0,0,0,0
0,0,0,0,0,0
0,0,0,0,0,0
0,0,0,0,0,0
0,0,0,0,0,0
0,0,0,0,0,0
0,0,0,0,0,0
0,0,0,0,0,0
0,0,0,0,0,0
0,0,0,0,0,0
0,0,0,0,0,0
0,0,0,0,0,0
0,0,0,0,0,0
0,0,0,0,0,0
0,0,0,0,0,0
0,0,0,0,0,0
0,0,0,0,0,0
0,0,0,0,0,0
0,0,0,0,0,0
0,0,0,0,0,0
0,0,0,0,0,0
0,0,0,0,0,0
0,0,0,0,0,0
0,0,0,0,0,0
0,0,0,0,0,0
0,0,0,0,0,0
0,0,0,0,0,0
0,0,0,0,0,0
0,0,0,0,0,0
0,0,0,0,0,0
0,0,0,0,0,0
0,0,0,0,0,0
0,0,0,0,0,0
0,0,0,0,0,0
0,0,0,0,0,0
0,0,0,0,0,0
0,0,0,0,0,0
0,0,0,0,0,0
0,0,0,0,0,0
0,0,0,0,0,0
0,0,0,0,0,0
0,0,0,0,0,0
0,0,0,0,0,0
0,0,0,0,0,0
0,0,0,0,0,0
0,0,0,0,0,0
0,0,0,0,0,0
0,0,0,0,0,0
0,0,0,0,0,0
0,0,0,0,0,0
0,0,0,0,0,0
0,0,0,0,0,0
0,0,0,0,0,0
0,0,0,0,0,0
0,0,0,0,0,0
0,0,0,0,0,0
0,0,0,0,0,0
0,0,0,0,0,0
0,0,0,0,0,0
0,0,0,0,0,0
0,0,0,0,0,0
0,0,0,0,0,0
0,0,0,0,0,0
0,0,0,0,0,0
0,0,0,0,0,0
0,0,0,0,0,0
0,0,0,0,0,0
0,0,0,0,0,0
0,0,0,0,0,0
0,0,0,0,0,0
0,0,0,0,0,0
0,0,0,0,0,0
0,0,0,0,0,0
0,0,0,0,0,0
0,0,0,0,0,0
0,0,0,0,0,0
0,0,0,0,0,0
0,0,0,0,0,0
0,0,0,0,0,0
0,0,0,0,0,0
0,0,0,0,0,0
0,0,0,0,0,0
0,0,0,0,0,0
0,0,0,0,0,0
0,0,0,0,0,0
0,0,0,0,0,0
0,0,0,0,0,0
0,0,0,0,0,0
0,0,0,0,0,0
0,0,0,0,0,0
0,0,0,0,0,0
0,0,0,0,0,0
0,0,0,0,0,0
0,0,0,0,0,0
0,0,0,0,0,0
0,0,0,0,0,0
0,0,0,0,0,0
0,0,0,0,0,0
0,0,0,0,0,0
0,0,0,0,0,0
0,0,0,0,0,0
0,0,0,0,0,0
0,0,0,0,0,0
0,0,0,0,0,0
0,0,0,0,0,0
0,0,0,0,0,0
0,0,0,0,0,0
0,0,0,0,0,0
0,0,0,0,0,0
0,0,0,0,0,0
0,0,0,0,0,0
0,0,0,0,0,0
0,0,0,0,0,0
0,0,0,0,0,0
0,0,0,0,0,0
0,0,0,0,0,0
0,0,0,0,0,0
0,0,0,0,0,0
0,0,0,0,0,0
0,0,0,0,0,0
0,0,0,0,0,0
0,0,0,0,0,0
0,0,0,0,0,0
0,0,0,0,0,0
0,0,0,0,0,0
0,0,0,0,0,0
0,0,0,0,0,0
0,0,0,0,0,0
0,0,0,0,0,0
0,0,0,0,0,0
0,0,0,0,0,0
0,0,0,0,0,0
0,0,0,0,0,0
0,0,0,0,0,0
0,0,0,0,0,0
0,0,0,0,0,0
0,0,0,0,0,0
0,0,0,0,0,0
0,0,0,0,0,0
0,0,0,0,0,0
0,0,0,0,0,0
0,0,0,0,0,0
0,0,0,0,0,0
0,0,0,0,0,0
0,0,0,0,0,0
0,0,0,0,0,0
0,0,0,0,0,0
0,0,0,0,0,0
0,0,0,0,0,0
0,0,0,0,0,0
0,0,0,0,0,0
0,0,0,0,0,0
0,0,0,0,0,0
0,0,0,0,0,0
0,0,0,0,0,0
0,0,0,0,0,0
0,0,0,0,0,0
0,0,0,0,0,0
0,0,0,0,0,0
0,0,0,0,0,0
0,0,0,0,0,0
0,0,0,0,0,0
0,0,0,0,0,0
0,0,0,0,0,0
0,0,0,0,0,0
0,0,0,0,0,0
0,0,0,0,0,0
0,0,0,0,0,0
0,0,0,0,0,0
0,0,0,0,0,0
0,0,0,0,0,0
0,0,0,0,0,0
0,0,0,0,0,0
0,0,0,0,0,0
0,0,0,0,0,0
0,0,0,0,0,0
0,0,0,0,0,0
0,0,0,0,0,0
0,0,0,0,0,0
0,0,0,0,0,0
0,0,0,0,0,0
0,0,0,0,0,0
0,0,0,0,0,0
0,0,0,0,0,0
0,0,0,0,0,0
0,0,0,0,0,0
0,0,0,0,0,0
0,0,0,0,0,0
0,0,0,0,0,0
0,0,0,0,0,0
0,0,0,0,0,0
0,0,0,0,0,0
0,0,0,0,0,0
0,0,0,0,0,0
0,0,0,0,0,0
0,0,0,0,0,0
0,0,0,0,0,0
0,0,0,0,0,0
0,0,0,0,0,0
0,0,0,0,0,0
0,0,0,0,0,0
0,0,0,0,0,0
0,0,0,0,0,0
0,0,0,0,0,0
0,0,0,0,0,0
0,0,0,0,0,0
0,0,0,0,0,0
0,0,0,0,0,0
0,0,0,0,0,0
0,0,0,0,0,0
0,0,0,0,0,0
0,0,0,0,0,0
0,0,0,0,0,0
0,0,0,0,0,0
0,0,0,0,0,0
0,0,0,0,0,0
0,0,0,0,0,0
0,0,0,0,0,0
0,0,0,0,0,0
0,0,0,0,0,0
0,0,0,0,0,0
0,0,0,0,0,0
0,0,0,0,0,0
0,0,0,0,0,0
0,0,0,0,0,0
0,0,0,0,0,0
0,0,0,0,0,0
0,0,0,0,0,0
0,0,0,0,0,0
0,0,0,0,0,0
0,0,0,0,0,0
0,0,0,0,0,0
0,0,0,0,0,0
0,0,0,0,0,0
0,0,0,0,0,0
0,0,0,0,0,0
0,0,0,0,0,0
0,0,0,0,0,0
0,0,0,0,0,0
0,0,0,0,0,0
0,0,0,0,0,0
0,0,0,0,0,0
0,0,0,0,0,0
0,0,0,0,0,0
0,0,0,0,0,0
0,0,0,0,0,0
0,0,0,0,0,0
0,0,0,0,0,0
0,0,0,0,0,0
0,0,0,0,0,0
0,0,0,0,0,0
0,0,0,0,0,0
0,0,0,0,0,0
0,0,0,0,0,0
0,0,0,0,0,0
0,0,0,0,0,0
0,0,0,0,0,0
0,0,0,0,0,0
0,0,0,0,0,0
0,0,0,0,0,0
0,0,0,0,0,0
0,0,0,0,0,0
0,0,0,0,0,0
0,0,0,0,0,0
0,0,0,0,0,0
0,0,0,0,0,0
0,0,0,0,0,0
0,0,0,0,0,0
0,0,0,0,0,0
0,0,0,0,0,0
0,0,0,0,0,0
0,0,0,0,0,0
0,0,0,0,0,0
0,0,0,0,0,0
0,0,0,0,0,0
0,0,0,0,0,0
0,0,0,0,0,0
0,0,0,0,0,0
0,0,0,0,0,0
0,0,0,0,0,0
0,0,0,0,0,0
0,0,0,0,0,0
0,0,0,0,0,0
0,0,0,0,0,0
0,0,0,0,0,0
0,0,0,0,0,0
0,0,0,0,0,0
0,0,0,0,0,0
0,0,0,0,0,0
0,0,0,0,0,0
0,0,0,0,0,0
0,0,0,0,0,0
0,0,0,0,0,0
0,0,0,0,0,0
0,0,0,0,0,0
0,0,0,0,0,0
0,0,0,0,0,0
0,0,0,0,0,0
0,0,0,0,0,0
0,0,0,0,0,0
0,0,0,0,0,0
0,0,0,0,0,0
0,0,0,0,0,0
0,0,0,0,0,0
0,0,0,0,0,0
0,0,0,0,0,0
0,0,0,0,0,0
0,0,0,0,0,0
0,0,0,0,0,0
0,0,0,0,0,0
0,0,0,0,0,0
0,0,0,0,0,0
0,0,0,0,0,0
0,0,0,0,0,0
0,0,0,0,0,0
0,0,0,0,0,0
0,0,0,0,0,0
0,0,0,0,0,0
0,0,0,0,0,0
0,0,0,0,0,0
0,0,0,0,0,0
0,0,0,0,0,0
0,0,0,0,0,0
0,0,0,0,0,0
0,0,0,0,0,0
0,0,0,0,0,0
0,0,0,0,0,0
0,0,0,0,0,0
0,0,0,0,0,0
0,0,0,0,0,0
0,0,0,0,0,0
0,0,0,0,0,0
0,0,0,0,0,0
0,0,0,0,0,0
0,0,0,0,0,0
0,0,0,0,0,0
0,0,0,0,0,0
0,0,0,0,0,0
0,0,0,0,0,0
0,0,0,0,0,0
0,0,0,0,0,0
0,0,0,0,0,0
0,0,0,0,0,0
0,0,0,0,0,0
0,0,0,0,0,0
0,0,0,0,0,0
0,0,0,0,0,0
0,0,0,0,0,0
0,0,0,0,0,0
0,0,0,0,0,0
0,0,0,0,0,0
0,0,0,0,0,0
0,0,0,0,0,0
0,0,0,0,0,0
0,0,0,0,0,0
0,0,0,0,0,0
0,0,0,0,0,0
0,0,0,0,0,0
0,0,0,0,0,0
0,0,0,0,0,0
0,0,0,0,0,0
0,0,0,0,0,0
0,0,0,0,0,0
0,0,0,0,0,0
0,0,0,0,0,0
0,0,0,0,0,0
0,0,0,0,0,0
0,0,0,0,0,0
0,0,0,0,0,0
0,0,0,0,0,0
0,0,0,0,0,0
0,0,0,0,0,0
0,0,0,0,0,0
0,0,0,0,0,0
0,0,0,0,0,0
0,0,0,0,0,0
0,0,0,0,0,0
0,0,0,0,0,0
0,0,0,0,0,0
0,0,0,0,0,0
0,0,0,0,0,0
0,0,0,0,0,0
0,0,0,0,0,0
0,0,0,0,0,0
0,0,0,0,0,0
0,0,0,0,0,0
0,0,0,0,0,0
0,0,0,0,0,0
0,0,0,0,0,0
0,0,0,0,0,0
0,0,0,0,0,0
0,0,0,0,0,0
0,0,0,0,0,0
0,0,0,0,0,0
0,0,0,0,0,0
0,0,0,0,0,0
0,0,0,0,0,0
0,0,0,0,0,0
0,0,0,0,0,0
0,0,0,0,0,0
0,0,0,0,0,0
0,0,0,0,0,0
0,0,0,0,0,0
0,0,0,0,0,0
0,0,0,0,0,0
0,0,0,0,0,0
0,0,0,0,0,0
0,0,0,0,0,0
0,0,0,0,0,0
0,0,0,0,0,0
0,0,0,0,0,0
0,0,0,0,0,0
0,0,0,0,0,0
0,0,0,0,0,0
0,0,0,0,0,0
0,0,0,0,0,0
0,0,0,0,0,0
0,0,0,0,0,0
0,0,0,0,0,0
0,0,0,0,0,0
0,0,0,0,0,0
0,0,0,0,0,0
0,0,0,0,0,0
0,0,0,0,0,0
0,0,0,0,0,0
0,0,0,0,0,0
0,0,0,0,0,0
0,0,0,0,0,0
0,0,0,0,0,0
0,0,0,0,0,0
0,0,0,0,0,0
0,0,0,0,0,0
0,0,0,0,0,0
0,0,0,0,0,0
0,0,0,0,0,0
0,0,0,0,0,0
0,0,0,0,0,0
0,0,0,0,0,0
0,0,0,0,0,0
0,0,0,0,0,0
0,0,0,0,0,0
0,0,0,0,0,0
0,0,0,0,0,0
0,0,0,0,0,0
0,0,0,0,0,0
0,0,0,0,0,0
0,0,0,0,0,0
0,0,0,0,0,0
0,0,0,0,0,0
0,0,0,0,0,0
0,0,0,0,0,0
0,0,0,0,0,0
0,0,0,0,0,0
0,0,0,0,0,0
0,0,0,0,0,0
0,0,0,0,0,0
0,0,0,0,0,0
0,0,0,0,0,0
0,0,0,0,0,0
0,0,0,0,0,0
0,0,0,0,0,0
0,0,0,0,0,0
0,0,0,0,0,0
0,0,0,0,0,0
0,0,0,0,0,0
0,0,0,0,0,0
0,0,0,0,0,0
0,0,0,0,0,0
0,0,0,0,0,0
0,0,0,0,0,0
0,0,0,0,0,0
0,0,0,0,0,0
0,0,0,0,0,0
0,0,0,0,0,0
0,0,0,0,0,0
0,0,0,0,0,0
0,0,0,0,0,0
0,0,0,0,0,0
0,0,0,0,0,0
0,0,0,0,0,0
0,0,0,0,0,0
0,0,0,0,0,0
0,0,0,0,0,0
0,0,0,0,0,0
0,0,0,0,0,0
0,0,0,0,0,0
0,0,0,0,0,0
0,0,0,0,0,0
0,0,0,0,0,0
0,0,0,0,0,0
0,0,0,0,0,0
0,0,0,0,0,0
0,0,0,0,0,0
0,0,0,0,0,0
0,0,0,0,0,0
0,0,0,0,0,0
0,0,0,0,0,0
0,0,0,0,0,0
0,0,0,0,0,0
0,0,0,0,0,0
0,0,0,0,0,0
0,0,0,0,0,0
0,0,0,0,0,0
0,0,0,0,0,0
0,0,0,0,0,0
0,0,0,0,0,0
0,0,0,0,0,0
0,0,0,0,0,0
0,0,0,0,0,0
0,0,0,0,0,0
0,0,0,0,0,0
0,0,0,0,0,0
0,0,0,0,0,0
0,0,0,0,0,0
0,0,0,0,0,0
0,0,0,0,0,0
0,0,0,0,0,0
0,0,0,0,0,0
0,0,0,0,0,0
0,0,0,0,0,0
0,0,0,0,0,0
0,0,0,0,0,0
0,0,0,0,0,0
0,0,0,0,0,0
0,0,0,0,0,0
0,0,0,0,0,0
0,0,0,0,0,0
0,0,0,0,0,0
0,0,0,0,0,0
0,0,0,0,0,0
0,0,0,0,0,0
0,0,0,0,0,0
0,0,0,0,0,0
0,0,0,0,0,0
0,0,0,0,0,0
0,0,0,0,0,0
0,0,0,0,0,0
0,0,0,0,0,0
0,0,0,0,0,0
0,0,0,0,0,0
0,0,0,0,0,0
0,0,0,0,0,0
0,0,0,0,0,0
0,0,0,0,0,0
0,0,0,0,0,0
0,0,0,0,0,0
0,0,0,0,0,0
0,0,0,0,0,0
0,0,0,0,0,0
0,0,0,0,0,0
0,0,0,0,0,0
0,0,0,0,0,0
0,0,0,0,0,0
0,0,0,0,0,0
0,0,0,0,0,0
0,0,0,0,0,0
0,0,0,0,0,0
0,0,0,0,0,0
0,0,0,0,0,0
0,0,0,0,0,0
0,0,0,0,0,0
0,0,0,0,0,0
0,0,0,0,0,0
0,0,0,0,0,0
0,0,0,0,0,0
0,0,0,0,0,0
0,0,0,0,0,0
0,0,0,0,0,0
0,0,0,0,0,0
0,0,0,0,0,0
0,0,0,0,0,0
0,0,0,0,0,0
0,0,0,0,0,0
0,0,0,0,0,0
0,0,0,0,0,0
0,0,0,0,0,0
0,0,0,0,0,0
0,0,0,0,0,0
0,0,0,0,0,0
0,0,0,0,0,0
0,0,0,0,0,0
0,0,0,0,0,0
0,0,0,0,0,0
0,0,0,0,0,0
0,0,0,0,0,0
0,0,0,0,0,0
0,0,0,0,0,0
0,0,0,0,0,0
0,0,0,0,0,0
0,0,0,0,0,0
0,0,0,0,0,0
0,0,0,0,0,0
0,0,0,0,0,0
0,0,0,0,0,0
0,0,0,0,0,0
0,0,0,0,0,0
0,0,0,0,0,0
0,0,0,0,0,0
0,0,0,0,0,0
0,0,0,0,0,0
0,0,0,0,0,0
0,0,0,0,0,0
0,0,0,0,0,0
0,0,0,0,0,0
0,0,0,0,0,0
0,0,0,0,0,0
0,0,0,0,0,0
0,0,0,0,0,0
0,0,0,0,0,0
0,0,0,0,0,0
0,0,0,0,0,0
0,0,0,0,0,0
0,0,0,0,0,0
0,0,0,0,0,0
0,0,0,0,0,0
0,0,0,0,0,0
0,0,0,0,0,0
0,0,0,0,0,0
0,0,0,0,0,0
0,0,0,0,0,0
0,0,0,0,0,0
0,0,0,0,0,0
0,0,0,0,0,0
0,0,0,0,0,0
0,0,0,0,0,0
0,0,0,0,0,0
0,0,0,0,0,0
0,0,0,0,0,0
0,0,0,0,0,0
0,0,0,0,0,0
0,0,0,0,0,0
0,0,0,0,0,0
0,0,0,0,0,0
0,0,0,0,0,0
0,0,0,0,0,0
0,0,0,0,0,0
0,0,0,0,0,0
0,0,0,0,0,0
0,0,0,0,0,0
0,0,0,0,0,0
0,0,0,0,0,0
0,0,0,0,0,0
0,0,0,0,0,0
0,0,0,0,0,0
0,0,0,0,0,0
0,0,0,0,0,0
0,0,0,0,0,0
0,0,0,0,0,0
0,0,0,0,0,0
0,0,0,0,0,0
0,0,0,0,0,0
0,0,0,0,0,0
0,0,0,0,0,0
0,0,0,0,0,0
0,0,0,0,0,0
0,0,0,0,0,0
0,0,0,0,0,0
0,0,0,0,0,0
0,0,0,0,0,0
0,0,0,0,0,0
0,0,0,0,0,0
0,0,0,0,0,0
0,0,0,0,0,0
0,0,0,0,0,0
0,0,0,0,0,0
0,0,0,0,0,0
0,0,0,0,0,0
0,0,0,0,0,0
0,0,0,0,0,0
0,0,0,0,0,0
0,0,0,0,0,0
0,0,0,0,0,0
0,0,0,0,0,0
0,0,0,0,0,0
0,0,0,0,0,0
0,0,0,0,0,0
0,0,0,0,0,0
0,0,0,0,0,0
0,0,0,0,0,0
0,0,0,0,0,0
0,0,0,0,0,0
0,0,0,0,0,0
0,0,0,0,0,0
0,0,0,0,0,0
0,0,0,0,0,0
0,0,0,0,0,0
0,0,0,0,0,0
0,0,0,0,0,0
0,0,0,0,0,0
0,0,0,0,0,0
0,0,0,0,0,0
0,0,0,0,0,0
0,0,0,0,0,0
0,0,0,0,0,0
0,0,0,0,0,0
0,0,0,0,0,0
0,0,0,0,0,0
0,0,0,0,0,0
0,0,0,0,0,0
0,0,0,0,0,0
0,0,0,0,0,0
0,0,0,0,0,0
0,0,0,0,0,0
0,0,0,0,0,0
0,0,0,0,0,0
0,0,0,0,0,0
0,0,0,0,0,0
0,0,0,0,0,0
0,0,0,0,0,0
0,0,0,0,0,0
0,0,0,0,0,0
0,0,0,0,0,0
0,0,0,0,0,0
0,0,0,0,0,0
0,0,0,0,0,0
0,0,0,0,0,0
0,0,0,0,0,0
0,0,0,0,0,0
0,0,0,0,0,0
0,0,0,0,0,0
0,0,0,0,0,0
0,0,0,0,0,0
0,0,0,0,0,0
0,0,0,0,0,0
0,0,0,0,0,0
0,0,0,0,0,0
0,0,0,0,0,0
0,0,0,0,0,0
0,0,0,0,0,0
0,0,0,0,0,0
0,0,0,0,0,0
0,0,0,0,0,0
0,0,0,0,0,0
0,0,0,0,0,0
0,0,0,0,0,0
0,0,0,0,0,0
0,0,0,0,0,0
0,0,0,0,0,0
0,0,0,0,0,0
0,0,0,0,0,0
0,0,0,0,0,0
0,0,0,0,0,0
0,0,0,0,0,0
0,0,0,0,0,0
